step,time_s,ncon,A_heel_n,A_mid_n,A_toe_n,U_heel_n,U_mid_n,U_toe_n,A_total_n,U_total_n,A_heel,A_mid,A_toe,U_heel,U_mid,U_toe,A_contact,U_contact
0,0.0,3,376.2590223525787,141.93876669998838,97.23510358772587,0.0,1.6535677555925796,223.74377098499974,615.432892640293,225.39733874059232,39,15,10,0,0,23,1,1
1,0.01,5,378.0626678105617,124.88753233714634,117.81558249398387,0.0,2.4456969444638785,274.9296839753106,620.7657826416919,277.37538091977444,39,13,12,0,0,28,1,1
2,0.02,8,359.73678586803743,119.63570756900798,128.34167008187868,0.0,3.471702212228929,352.0952594117382,607.7141635189241,355.56696162396713,37,12,13,0,0,36,1,1
3,0.03,8,335.93566177273067,113.32640623298761,132.4318654870623,0.0,4.256656399730276,384.7865784320327,581.6939334927806,389.04323483176296,34,12,14,0,0,39,1,1
4,0.04,8,314.8432739627234,106.57732202967995,129.96296026718005,0.0,4.439679323299181,386.93602420852795,551.3835562595834,391.3757035318271,32,11,13,0,0,40,1,1
5,0.05,8,286.10127493135985,96.46515680765935,119.49817129397553,0.0,3.7834150016582617,354.9988112633324,502.06460303299474,358.7822262649907,29,10,12,0,0,36,1,1
6,0.06,8,249.39559095134717,85.90773544830357,107.79826477225569,0.0,3.2551555338386993,339.7294632783918,443.1015911719064,342.9846188122305,26,9,11,0,0,35,1,1
7,0.07,8,211.97203370649194,72.92834256606925,97.79235427069995,0.0,2.722331824248593,330.45171274034413,382.6927305432611,333.17404456459275,22,7,10,0,0,34,1,1
8,0.08,8,180.66879773347185,60.815638080885684,87.87028419044807,0.0,2.2604518847938166,326.6206266272508,329.3547200048056,328.8810785120446,19,6,9,0,0,33,1,1
9,0.09,8,157.9578650338459,52.407052754033444,80.34271558455461,0.0,1.800365034600116,322.94409273321116,290.707633372434,324.7444577678113,16,5,8,0,0,33,1,1
10,0.1,8,125.35064506872268,41.808553461776086,72.11767943838996,0.0,1.5075675346731838,335.0137105383502,239.27687796888873,336.5212780730234,13,4,7,0,0,34,1,1
11,0.11,7,124.01197558179814,41.29538450329243,73.01878851677012,0.0,1.3840616112133048,372.64845901092406,238.3261486018607,374.0325206221374,13,4,7,0,0,38,1,1
12,0.12,7,141.34263215512857,46.691582121043076,80.00300477050703,0.0,1.3516728988001312,425.29278525740665,268.0372190466787,426.6444581562068,14,5,8,0,0,44,1,1
13,0.13,5,153.93831681097015,56.301312998189445,88.2866552495047,0.0,1.27935690617401,456.1416207526076,298.5262850586643,457.4209776587816,16,6,9,0,0,47,1,1
14,0.14,4,166.2089400679181,62.51083126439875,90.8687151718122,0.0,0.0,0.0,319.58848650412904,0.0,17,6,9,0,0,0,1,0
15,0.15,4,166.2768543497251,58.455638241112936,90.90425694312287,0.0,0.0,0.0,315.63674953396094,0.0,17,6,9,0,0,0,1,0
16,0.16,3,165.75566450342126,46.4056482503328,92.02088307483686,0.0,0.0,0.0,304.1821958285909,0.0,17,5,9,0,0,0,1,0
17,0.17,1,145.12559168996674,38.935713482623456,0.0,0.0,0.0,0.0,184.0613051725902,0.0,15,4,0,0,0,0,1,0
18,0.18,1,140.15112045020467,37.59356980835784,0.0,0.0,0.0,0.0,177.7446902585625,0.0,14,4,0,0,0,0,1,0
19,0.19,2,121.82503137219055,32.6716021490443,0.0,0.0,1.7596943664464781,636.3834083795897,154.49663352123486,638.1431027460362,12,3,0,0,0,65,1,1
20,0.2,1,0.0,0.0,0.0,0.0,1.8421068835707042,647.7417283007403,0.0,649.583835184311,0,0,0,0,0,66,0,1
21,0.21,1,0.0,0.0,0.0,0.0,2.213426674596532,650.899047920702,0.0,653.1124745952985,0,0,0,0,0,67,0,1
22,0.22,1,0.0,0.0,0.0,0.0,2.288490123879719,667.5074176693033,0.0,669.795907793183,0,0,0,0,0,68,0,1
23,0.23,1,0.0,0.0,0.0,0.0,2.276801963885425,670.6510716308014,0.0,672.9278735946868,0,0,0,0,0,69,0,1
24,0.24,1,0.0,0.0,0.0,0.0,2.1575014913128694,651.062930213071,0.0,653.2204317043838,0,0,0,0,0,67,0,1
25,0.25,0,0.0,0.0,0.0,0.0,0.0,0.0,0.0,0.0,0,0,0,0,0,0,0,0
26,0.26,0,0.0,0.0,0.0,0.0,0.0,0.0,0.0,0.0,0,0,0,0,0,0,0,0
27,0.27,0,0.0,0.0,0.0,0.0,0.0,0.0,0.0,0.0,0,0,0,0,0,0,0,0
28,0.28,0,0.0,0.0,0.0,0.0,0.0,0.0,0.0,0.0,0,0,0,0,0,0,0,0
29,0.29,0,0.0,0.0,0.0,0.0,0.0,0.0,0.0,0.0,0,0,0,0,0,0,0,0
30,0.3,0,0.0,0.0,0.0,0.0,0.0,0.0,0.0,0.0,0,0,0,0,0,0,0,0
31,0.31,0,0.0,0.0,0.0,0.0,0.0,0.0,0.0,0.0,0,0,0,0,0,0,0,0
32,0.32,0,0.0,0.0,0.0,0.0,0.0,0.0,0.0,0.0,0,0,0,0,0,0,0,0
33,0.33,0,0.0,0.0,0.0,0.0,0.0,0.0,0.0,0.0,0,0,0,0,0,0,0,0
34,0.34,0,0.0,0.0,0.0,0.0,0.0,0.0,0.0,0.0,0,0,0,0,0,0,0,0
35,0.35000000000000003,0,0.0,0.0,0.0,0.0,0.0,0.0,0.0,0.0,0,0,0,0,0,0,0,0
36,0.36,1,0.0,0.4438901613847675,44.3376379986448,0.0,0.0,0.0,44.781528160029566,0.0,0,0,5,0,0,0,1,0
37,0.37,1,0.0,0.3677529403184849,36.67607168348882,0.0,0.0,0.0,37.0438246238073,0.0,0,0,4,0,0,0,1,0
38,0.38,1,0.0,0.3490426954517864,34.76069230660154,0.0,0.0,0.0,35.10973500205333,0.0,0,0,4,0,0,0,1,0
39,0.39,1,0.0,0.561036950457922,55.763778234117176,0.0,0.0,0.0,56.3248151845751,0.0,0,0,6,0,0,0,1,0
40,0.4,1,0.0,0.7050860956135713,72.61992924009668,0.0,0.0,0.0,73.32501533571025,0.0,0,0,7,0,0,0,1,0
41,0.41000000000000003,1,0.0,0.8146175877250582,83.64524403061148,0.0,0.0,0.0,84.45986161833653,0.0,0,0,9,0,0,0,1,0
42,0.42,1,0.0,0.8671231977877668,88.68626719045713,0.0,0.0,0.0,89.55339038824489,0.0,0,0,9,0,0,0,1,0
43,0.43,1,0.0,0.9012352007208618,91.70981218906313,0.0,0.0,0.0,92.61104738978399,0.0,0,0,9,0,0,0,1,0
44,0.44,1,0.0,0.9474244868700574,95.77549896792311,0.0,0.0,0.0,96.72292345479318,0.0,0,0,10,0,0,0,1,0
45,0.45,1,0.0,1.0066678747025744,100.97729393541537,0.0,0.0,0.0,101.98396181011795,0.0,0,0,10,0,0,0,1,0
46,0.46,2,0.0,3.3217976876489645,110.1608490177288,0.0,0.0,0.0,113.48264670537776,0.0,0,0,11,0,0,0,1,0
47,0.47000000000000003,2,0.0,3.6305893307847033,117.49878803716057,0.0,0.0,0.0,121.12937736794527,0.0,0,0,12,0,0,0,1,0
48,0.48,2,0.0,3.405701435838874,124.45956044897879,0.0,0.0,0.0,127.86526188481767,0.0,0,0,13,0,0,0,1,0
49,0.49,2,0.0,2.977834410207307,133.2071698256039,0.0,0.0,0.0,136.1850042358112,0.0,0,0,14,0,0,0,1,0
50,0.5,3,0.0,2.6901887042973103,147.8317534035793,353.4308569413599,74.64706287305697,0.0,150.5219421078766,428.0779198144169,0,0,15,36,8,0,1,1
51,0.51,4,0.0,3.1073165378307346,170.42015994330438,310.5460739190348,66.10533593588016,0.0,173.52747648113512,376.65140985491496,0,0,17,32,7,0,1,1
52,0.52,2,0.0,1.0881722631340656,184.16873165574498,270.8560365968868,57.80821179967536,0.0,185.25690391887903,328.66424839656213,0,0,19,28,6,0,1,1
53,0.53,2,0.0,1.2427456395578909,201.43749032925257,248.50004056605502,53.070286694909754,0.0,202.68023596881045,301.57032726096475,0,0,21,25,5,0,1,1
54,0.54,2,0.0,1.3312387314820247,204.57326506671097,246.05826830321382,52.53624603569881,0.0,205.904503798193,298.59451433891263,0,0,21,25,5,0,1,1
55,0.55,2,0.0,1.3913211848781655,200.2315482844998,261.7691803296481,55.84397827046385,0.0,201.62286946937797,317.613158600112,0,0,21,27,6,0,1,1
56,0.56,2,0.0,1.5081464289565436,199.07452253275966,348.0741028659142,91.6002886605975,0.0,200.5826689617162,439.6743915265117,0,0,20,36,9,0,1,1
57,0.5700000000000001,2,0.0,1.1177334250592361,202.76390162521676,353.16332201578473,92.80357676597431,0.0,203.881635050276,445.966898781759,0,0,21,36,10,0,1,1
58,0.58,2,0.0,1.3620478571978862,214.3703173824289,368.5890885968726,99.92825948702588,0.0,215.7323652396268,468.51734808389847,0,0,22,38,10,0,1,1
59,0.59,3,0.0,1.670805803639003,221.12703214420603,575.0084038609493,210.87348444177076,134.23594383707976,222.79783794784504,920.1178321397998,0,0,23,59,22,14,1,1
60,0.6,3,0.0,1.9468994670038478,216.0218037860906,593.6656241811944,213.00427173785036,127.0165489108197,217.96870325309445,933.6864448298644,0,0,22,61,22,13,1,1
61,0.61,5,0.0,2.110427422895058,212.73929618130035,600.7876891996714,209.6592889892487,114.2939878248124,214.84972360419542,924.7409660137325,0,0,22,62,21,12,1,1
62,0.62,5,0.0,2.033081341894221,181.41537293650356,608.8082012325654,208.256473232039,105.86164093702152,183.44845427839778,922.926315401626,0,0,19,62,21,11,1,1
63,0.63,5,0.0,1.6133536141731535,135.991041286593,614.4472180882929,207.29164658521603,100.06083935447346,137.60439490076615,921.7997040279824,0,0,14,63,21,10,1,1
64,0.64,6,0.0,0.9451061622665593,81.46935442205123,631.5486002142021,195.77001484510714,107.80485768144052,82.41446058431778,935.1234727407498,0,0,8,65,20,11,1,1
65,0.65,7,0.0,0.36813680521841136,35.02080603596668,618.7437680345029,186.43160222435017,106.98965715828282,35.38894284118509,912.1650274171359,0,0,4,63,19,11,1,1
66,0.66,7,0.0,0.39065230651315863,44.047857636003386,573.4842675430009,174.24216613711198,103.70531257889137,44.438509942516546,851.4317462590043,0,0,5,59,18,11,1,1
67,0.67,7,0.0,0.5650279626969068,78.08354305124769,505.1927289523021,155.80144224155325,99.47679716284922,78.64857101394459,760.4709683567046,0,0,8,52,16,10,1,1
68,0.68,7,0.0,0.768393143247712,128.7165499477784,428.52183659327534,135.03491056096667,93.7922823955337,129.4849430910261,657.3490295497757,0,0,13,44,14,10,1,1
69,0.6900000000000001,7,0.0,0.8569212793926093,178.80091137311706,362.41449469789194,114.04350175027749,91.50781841873217,179.65783265250968,567.9658148669016,0,0,18,37,12,9,1,1
70,0.7000000000000001,7,0.0,0.9053129721468564,228.07015872880632,307.35055163632427,95.02931189446919,87.60934396666615,228.97547170095316,489.9892074974596,0,0,23,31,10,9,1,1
71,0.71,7,0.0,0.925736925811289,269.5565165806541,264.0918940786125,81.851586567889,81.04307878479473,270.4822535064654,426.9865594312962,0,0,28,27,8,8,1,1
72,0.72,7,0.0,0.9428317959468816,302.6704048146517,226.66888168005775,70.8294270661461,69.93301262863011,303.61323661059856,367.43132137483394,0,0,31,23,7,7,1,1
73,0.73,3,0.0,0.9408013484567177,324.3389363092083,215.65505591917946,78.47525293722794,49.95770968303351,325.279737657665,344.0880185394409,0,0,33,22,8,5,1,1
74,0.74,2,0.0,1.028095072874093,359.8230014915003,235.46633319453645,63.317695615433365,0.0,360.85109656437436,298.7840288099698,0,0,37,24,6,0,1,1
75,0.75,2,0.0,1.1469705234630514,398.45584217609894,233.22911254252708,62.68052777153685,0.0,399.602812699562,295.90964031406395,0,0,41,24,6,0,1,1
76,0.76,2,0.0,1.297691611045217,441.319494382736,225.86421825953747,60.66896938389059,0.0,442.6171859937812,286.53318764342805,0,0,45,23,6,0,1,1
77,0.77,4,0.0,1.625502074529016,517.3712894178011,211.78991250209071,56.863439344129674,0.0,518.9967914923301,268.6533518462204,0,0,53,22,6,0,1,1
78,0.78,4,0.0,1.8925028109983952,580.0617017716046,194.50281456526548,52.20436344586423,0.0,581.954204582603,246.7071780111297,0,0,59,20,5,0,1,1
79,0.79,4,0.0,2.150966692074275,642.1523987548296,170.60145917959915,45.775340395072476,0.0,644.3033654469039,216.37679957467162,0,0,66,17,5,0,1,1
80,0.8,2,0.0,2.4327727214052226,645.2924276998078,140.7143207034875,37.74863441837943,0.0,647.725200421213,178.4629551218669,0,0,66,14,4,0,1,1
81,0.81,2,0.0,2.6121423798536383,680.8385870910706,109.69384870450283,29.42039896064729,0.0,683.4507294709242,139.11424766515012,0,0,70,11,3,0,1,1
82,0.8200000000000001,2,0.0,2.8122514413974433,725.8983346964914,99.30767375956394,26.629264241289025,0.0,728.7105861378888,125.93693800085296,0,0,74,10,3,0,1,1
83,0.8300000000000001,2,0.0,2.94081974455786,761.3076970854578,90.7141394454605,24.321000994157206,0.0,764.2485168300157,115.0351404396177,0,0,78,9,2,0,1,1
84,0.84,2,0.0,2.904213868086381,762.2832311796183,85.54122090168345,22.930395344064404,0.0,765.1874450477046,108.47161624574785,0,0,78,9,2,0,1,1
85,0.85,2,0.0,4.314562768032399,760.9951647975773,91.24179466506841,24.45636168550103,0.0,765.3097275656097,115.69815635056943,0,0,78,9,3,0,1,1
86,0.86,2,0.0,3.866256922767577,712.5014433833978,112.81821106987165,30.239474027368814,0.0,716.3677003061654,143.05768509724047,0,0,73,12,3,0,1,1
87,0.87,2,0.0,3.3022493879871684,643.4762772295608,138.8946024216151,37.23231908453852,0.0,646.778526617548,176.12692150615362,0,0,66,14,4,0,1,1
88,0.88,1,0.0,0.0,0.0,169.0914398947057,45.33426352907092,0.0,0.0,214.4257034237766,0,0,0,17,5,0,0,1
89,0.89,1,0.0,0.0,0.0,194.7390116329582,52.22141103290888,0.0,0.0,246.9604226658671,0,0,0,20,5,0,0,1
90,0.9,1,0.0,0.0,0.0,209.28445174119219,56.13263379638038,0.0,0.0,265.4170855375726,0,0,0,21,6,0,0,1
91,0.91,1,0.0,0.0,0.0,209.0571124675712,56.08128099843413,0.0,0.0,265.1383934660053,0,0,0,21,6,0,0,1
92,0.92,1,0.0,0.0,0.0,210.4411689392572,56.46162866496857,0.0,0.0,266.9027976042258,0,0,0,22,6,0,0,1
93,0.93,1,0.0,0.0,0.0,207.00586743665895,55.54883586478202,0.0,0.0,262.55470330144095,0,0,0,21,6,0,0,1
94,0.9400000000000001,1,0.0,0.0,0.0,193.72779048843773,51.993575226796445,0.0,0.0,245.72136571523419,0,0,0,20,5,0,0,1
95,0.9500000000000001,1,0.0,0.0,0.0,175.38213887272374,47.07441032678865,0.0,0.0,222.45654919951238,0,0,0,18,5,0,0,1
96,0.96,2,0.0,0.0,0.0,282.31150033407323,76.71007804608874,96.18218673404098,0.0,455.20376511420295,0,0,0,29,8,10,0,1
97,0.97,2,0.0,0.0,0.0,238.35891454356667,64.7188554846511,75.97324620312855,0.0,379.0510162313463,0,0,0,24,7,8,0,1
98,0.98,2,0.0,0.0,0.0,182.29648495741355,49.47795488093151,56.50712602601615,0.0,288.28156586436126,0,0,0,19,5,6,0,1
99,0.99,2,0.0,0.0,0.0,171.0009269066117,46.46766541591051,59.09936057997553,0.0,276.5679529024978,0,0,0,18,5,6,0,1
100,1.0,2,0.0,0.0,0.0,140.642080134512,38.36333074487167,63.9588949774409,0.0,242.96430585682458,0,0,0,14,4,7,0,1
101,1.01,2,0.0,0.0,0.0,105.21782832046553,28.910919580231067,69.66590586096378,0.0,203.79465376166036,0,0,0,11,3,7,0,1
102,1.02,2,0.0,0.0,0.0,102.8645960692237,28.296276133512638,71.39504571215858,0.0,202.5559179148949,0,0,0,11,3,7,0,1
103,1.03,2,0.0,0.0,0.0,90.02199641207176,24.868210785786275,72.7633029571687,0.0,187.65351015502674,0,0,0,9,3,7,0,1
104,1.04,2,0.0,0.0,0.0,0.0,3.113486421829739,67.82649506194143,0.0,70.93998148377116,0,0,0,0,0,7,0,1
105,1.05,2,0.0,0.0,0.0,0.0,3.39891848066322,70.22645604518542,0.0,73.62537452584864,0,0,0,0,0,7,0,1
106,1.06,3,755.2548350340809,157.83684637005697,0.0,0.0,3.1086781950710294,72.78049001288609,913.0916814041378,75.88916820795713,77,16,0,0,0,7,1,1
107,1.07,3,721.0841288652651,154.11749826459445,0.0,0.0,2.5244653115931524,76.21915819913028,875.2016271298596,78.74362351072342,74,16,0,0,0,8,1,1
108,1.08,4,636.1986169431731,137.59806891204983,0.0,0.0,1.043179670685321,88.72411480140781,773.7966858552229,89.76729447209313,65,14,0,0,0,9,1,1
109,1.09,4,532.8216775545154,115.44101895955177,0.0,0.0,0.9918720096605136,92.98130795847055,648.2626965140672,93.97317996813106,55,12,0,0,0,10,1,1
110,1.1,4,447.2554738250438,96.58193065638879,0.0,0.0,1.0188979678641723,92.38136734735899,543.8374044814326,93.40026531522317,46,10,0,0,0,9,1,1
111,1.11,2,485.763601256222,128.95572694742154,0.0,0.0,0.5672799391190805,93.84256841425334,614.7193282036435,94.40984835337241,50,13,0,0,0,10,1,1
112,1.12,2,437.7806635833615,115.79841748726093,0.0,0.0,0.6782728032035785,105.11021549298142,553.5790810706225,105.78848829618501,45,12,0,0,0,11,1,1
113,1.1300000000000001,2,402.4365201551801,106.14276411312026,0.0,0.0,0.8467169777641235,120.11681723575711,508.5792842683004,120.96353421352123,41,11,0,0,0,12,1,1
114,1.1400000000000001,3,569.6377852974978,217.7181138317398,165.00022451159293,0.0,1.1059253453126232,138.81577817310125,952.3561236408304,139.92170351841386,58,22,17,0,0,14,1,1
115,1.1500000000000001,4,504.5614517716906,188.34000282622912,135.39962774246095,0.0,0.9805900653081576,160.86789435890242,828.3010823403806,161.84848442421057,52,19,14,0,0,16,1,1
116,1.16,5,462.79669839540753,155.4833662540478,122.86000713275686,0.0,1.4859578222190242,199.1788905133439,741.1400717822122,200.66484833556294,47,16,13,0,0,20,1,1
117,1.17,5,423.7013294038756,139.5637869998108,112.21119274920372,0.0,2.2757709806264703,245.73778772215198,675.4763091528902,248.01355870277845,43,14,11,0,0,25,1,1
118,1.18,8,394.16916511151567,131.0632092013722,112.51008108361913,0.0,3.3939353324681303,322.7353426683582,637.742455396507,326.12927800082633,40,13,12,0,0,33,1,1
119,1.19,9,373.6142232828009,126.12365918088412,123.90834662633432,0.0,4.486355151018682,376.65731944852695,623.6462290900192,381.14367459954565,38,13,13,0,0,39,1,1
120,1.2,9,354.7696255629952,121.40509970112608,134.2035659592042,0.0,5.0535189159336955,400.3134676054328,610.3782912233255,405.36698652136647,36,12,14,0,1,41,1,1
121,1.21,9,348.5924000504475,121.37134972175505,140.87111108845815,0.0,4.595261511369037,378.3721201064007,610.8348608606607,382.9673816177697,36,12,14,0,0,39,1,1
122,1.22,9,350.1548272948882,124.88933948214957,143.98606054701628,0.0,3.6588153509817882,334.0949044182365,619.0302273240541,337.7537197692183,36,13,15,0,0,34,1,1
123,1.23,9,334.0167541680638,118.89072880813588,141.1246342396796,0.0,2.9376171418957377,302.7039295586192,594.0321172158792,305.64154670051494,34,12,14,0,0,31,1,1
124,1.24,9,281.54933333175825,100.69691397171918,131.07161942514742,0.0,2.234819154668802,274.1971264874774,513.3178667286248,276.4319456421462,29,10,13,0,0,28,1,1
125,1.25,9,212.8026811366059,77.54488050721365,116.38567382178002,0.0,2.055036305389657,296.0646060326159,406.7332354655996,298.1196423380056,22,8,12,0,0,30,1,1
126,1.26,9,157.90710911760996,58.47935399109653,103.93573502306427,0.0,1.8926302206347485,320.6544095275811,320.32219813177073,322.54703974821587,16,6,11,0,0,33,1,1
127,1.27,9,116.40139010811203,44.90254468540071,92.71483530016678,0.0,1.7441467010885314,346.03389109733575,254.0187700936795,347.7780377984243,12,5,9,0,0,35,1,1
128,1.28,9,106.86356581314972,45.910785393599845,90.21419514808593,0.0,1.6686124153953767,381.3239051868271,242.9885463548355,382.9925176022225,11,5,9,0,0,39,1,1
129,1.29,9,118.52521732811383,49.29648894078789,90.91101230215224,0.0,1.6854059133880968,431.007134996615,258.73271857105397,432.69254091000306,12,5,9,0,0,44,1,1
130,1.3,8,139.84156672262,41.47669514703041,89.33754654504796,0.0,1.7334057785871413,483.8213898094237,270.6558084146984,485.55479558801085,14,4,9,0,0,50,1,1
131,1.31,8,147.40205783491774,43.594381493808655,91.81912953326257,0.0,1.7974887649154105,531.0567792977879,282.815568861989,532.8542680627033,15,4,9,0,0,54,1,1
132,1.32,7,149.16306340142953,44.03355779414376,94.15935548210142,0.0,1.9009099067482929,576.4109659822738,287.35597667767473,578.3118758890221,15,5,10,0,0,59,1,1
133,1.33,7,148.95284416724257,43.96312854491606,97.59572295507397,0.0,2.0735493509563905,627.5675953610302,290.51169566723263,629.6411447119865,15,5,10,0,0,64,1,1
134,1.34,6,0.0,7.779635231691902,93.14137396208537,0.0,2.3083879748794924,685.5525423963521,100.92100919377727,687.8609303712316,0,1,10,0,0,70,1,1
135,1.35,6,0.0,39.904670917268774,98.35029880916375,0.0,2.5251292507004903,728.2849089375474,138.25496972643253,730.8100381882479,0,4,10,0,0,75,1,1
136,1.36,5,0.0,2.0018145545308608,80.80273656945886,0.0,2.660322623874398,745.7378037974172,82.80455112398973,748.3981264212916,0,0,8,0,0,76,1,1
137,1.37,3,0.0,0.0,0.0,0.0,2.6994392221651786,741.829268360869,0.0,744.5287075830342,0,0,0,0,0,76,0,1
138,1.3800000000000001,1,0.0,0.0,0.0,0.0,2.7129500946016045,672.2831304678641,0.0,674.9960805624657,0,0,0,0,0,69,0,1
139,1.3900000000000001,1,0.0,0.0,0.0,0.0,2.6831383802373794,670.890202901382,0.0,673.5733412816194,0,0,0,0,0,69,0,1
140,1.4000000000000001,1,0.0,0.0,0.0,0.0,2.650199703132418,681.0463123135704,0.0,683.6965120167029,0,0,0,0,0,70,0,1
141,1.41,1,0.0,0.0,0.0,0.0,2.4908764780004424,666.9583891304319,0.0,669.4492656084324,0,0,0,0,0,68,0,1
142,1.42,1,0.0,0.0,0.0,0.0,2.2214728456341692,626.1992159447697,0.0,628.4206887904038,0,0,0,0,0,64,0,1
143,1.43,1,0.0,0.0,0.0,0.0,3.0636408922334035,592.2610887843591,0.0,595.3247296765925,0,0,0,0,0,61,0,1
144,1.44,0,0.0,0.0,0.0,0.0,0.0,0.0,0.0,0.0,0,0,0,0,0,0,0,0
145,1.45,0,0.0,0.0,0.0,0.0,0.0,0.0,0.0,0.0,0,0,0,0,0,0,0,0
146,1.46,0,0.0,0.0,0.0,0.0,0.0,0.0,0.0,0.0,0,0,0,0,0,0,0,0
147,1.47,0,0.0,0.0,0.0,0.0,0.0,0.0,0.0,0.0,0,0,0,0,0,0,0,0
148,1.48,0,0.0,0.0,0.0,0.0,0.0,0.0,0.0,0.0,0,0,0,0,0,0,0,0
149,1.49,0,0.0,0.0,0.0,0.0,0.0,0.0,0.0,0.0,0,0,0,0,0,0,0,0
150,1.5,0,0.0,0.0,0.0,0.0,0.0,0.0,0.0,0.0,0,0,0,0,0,0,0,0
151,1.51,1,0.0,0.5288636662349122,52.75441148661368,0.0,0.0,0.0,53.28327515284859,0.0,0,0,5,0,0,0,1,0
152,1.52,1,0.0,0.4907632077625699,48.75180553940643,0.0,0.0,0.0,49.242568747169,0.0,0,0,5,0,0,0,1,0
153,1.53,2,0.0,1.0325470803383405,45.665308833191645,0.0,0.0,0.0,46.697855913529985,0.0,0,0,5,0,0,0,1,0
154,1.54,3,0.0,0.8420315852289263,39.77773325957648,0.0,0.0,0.0,40.6197648448054,0.0,0,0,4,0,0,0,1,0
155,1.55,3,0.0,0.8211462734571362,53.23291588495637,0.0,0.0,0.0,54.05406215841351,0.0,0,0,5,0,0,0,1,0
156,1.56,3,0.0,1.1197124654848323,67.18661799792304,0.0,0.0,0.0,68.30633046340787,0.0,0,0,7,0,0,0,1,0
157,1.57,1,0.0,0.7320829713596526,73.93087408998362,0.0,0.0,0.0,74.66295706134328,0.0,0,0,8,0,0,0,1,0
158,1.58,2,0.0,1.8176462771884072,81.27473929393183,0.0,0.0,0.0,83.09238557112023,0.0,0,0,8,0,0,0,1,0
159,1.59,2,0.0,2.5743448621470466,87.55302892580491,0.0,0.0,0.0,90.12737378795195,0.0,0,0,9,0,0,0,1,0
160,1.6,2,0.0,3.042295181504791,94.82803531599166,0.0,0.0,0.0,97.87033049749644,0.0,0,0,10,0,0,0,1,0
161,1.61,3,0.0,3.78107058768254,106.04758424396002,0.0,0.0,0.0,109.82865483164255,0.0,0,0,11,0,0,0,1,0
162,1.62,3,0.0,4.772065274045066,120.4606713127785,0.0,0.0,0.0,125.23273658682356,0.0,0,0,12,0,0,0,1,0
163,1.6300000000000001,3,0.0,5.828413783225354,136.3122027216767,0.0,0.0,0.0,142.14061650490206,0.0,0,1,14,0,0,0,1,0
164,1.6400000000000001,4,0.0,6.5144309571601315,151.19457564761382,368.3741198349587,77.20569818692665,0.0,157.70900660477395,445.5798180218854,0,1,15,38,8,0,1,1
165,1.6500000000000001,4,0.0,6.7777462609630765,164.9483105916509,364.93121058261585,77.47043010827271,0.0,171.726056852614,442.40164069088854,0,1,17,37,8,0,1,1
166,1.6600000000000001,4,0.0,6.528216679929983,177.99403623646333,348.2252697940956,74.29739380660698,0.0,184.5222529163933,422.5226636007026,0,1,18,36,8,0,1,1
167,1.67,4,0.0,5.194488294978922,186.27422623638938,321.7771589381512,68.69447239988932,0.0,191.4687145313683,390.47163133804054,0,1,19,33,7,0,1,1
168,1.68,2,0.0,1.0753551214216142,177.1721389214853,287.9328363068151,61.413600000637594,0.0,178.2474940429069,349.3464363074527,0,0,18,29,6,0,1,1
169,1.69,2,0.0,1.0970377443438417,172.55173821890992,248.2550566396563,52.88514805112901,0.0,173.64877596325377,301.1402046907853,0,0,18,25,5,0,1,1
170,1.7,2,0.0,1.1186431108944326,165.6064663341312,315.7829406231566,85.70834233082829,0.0,166.72510944502562,401.49128295398486,0,0,17,32,9,0,1,1
171,1.71,2,0.0,1.2202459216519155,166.28330123789576,336.7367131469259,91.31279007588446,0.0,167.50354715954768,428.04950322281036,0,0,17,34,9,0,1,1
172,1.72,2,0.0,1.409695865336662,172.6843159460934,354.6975357150052,96.11145931197075,0.0,174.09401181143005,450.80899502697594,0,0,18,36,10,0,1,1
173,1.73,2,0.0,1.0875563326647144,177.9754757869489,379.32045455827614,102.72004629749128,0.0,179.0630321196136,482.0405008557674,0,0,18,39,11,0,1,1
174,1.74,2,0.0,1.3583121331563086,187.64541171691425,414.7194040262528,112.2534127002702,0.0,189.00372385007057,526.972816726523,0,0,19,42,11,0,1,1
175,1.75,2,0.0,1.6584740807509728,191.857415320941,455.82910156482944,123.32490214285282,0.0,193.51588940169196,579.1540037076823,0,0,20,47,13,0,1,1
176,1.76,5,0.0,1.9314227026751318,201.2909374284256,659.5966176125808,231.75536892242343,130.14865492652055,203.22236013110071,1021.5006414615248,0,0,21,68,24,13,1,1
177,1.77,7,0.0,2.0911736570872717,188.80828042040503,734.9520630251651,209.9668937963424,158.2978388098974,190.8994540774923,1103.216795631405,0,0,19,75,22,16,1,1
178,1.78,7,0.0,1.9498317843125168,162.15177325804854,738.5460846487391,212.55060452157528,157.5638523552236,164.10160504236106,1108.660541525538,0,0,17,76,22,16,1,1
179,1.79,8,0.0,1.4509712064213405,121.44792686861457,723.1826073439329,209.83398163781965,153.23453308642766,122.89889807503592,1086.2511220681802,0,0,12,74,21,16,1,1
180,1.8,9,0.0,0.8244080835061437,76.74086285089278,690.7752218180827,190.0922998585994,139.248225777414,77.56527093439892,1020.1157474540962,0,0,8,71,19,14,1,1
181,1.81,9,0.0,0.3868705596321055,41.724001111043826,639.572941214157,175.88255500370383,129.1507333958509,42.110871670675934,944.6062296137118,0,0,4,65,18,13,1,1
182,1.82,9,0.0,0.4916381628264887,63.584222534827376,577.375922510725,158.7135778348868,118.42218907660221,64.07586069765387,854.511689422214,0,0,7,59,16,12,1,1
183,1.83,9,0.0,0.7147394479011338,110.95909849563671,506.478347508951,139.2538320874178,108.48862177994056,111.67383794353785,754.2208013763094,0,0,11,52,14,11,1,1
184,1.84,9,0.0,0.8527748561406621,162.4531015728899,428.8310288769512,117.8598219831511,100.07237224490568,163.30587642903055,646.7632231050079,0,0,17,44,12,10,1,1
185,1.85,9,0.0,0.9522431372652517,217.49381967570724,357.3821250427384,98.25785067106266,92.47309858854507,218.44606281297249,548.1130743023461,0,0,22,37,10,9,1,1
186,1.86,9,0.0,1.0283911098379188,270.7708214844745,296.4896771014945,81.65226153516473,83.88075403056722,271.7992125943124,462.02269266722647,0,0,28,30,8,9,1,1
187,1.87,8,0.0,1.111584232166157,319.69022513602926,247.27059565151194,68.47836930409353,74.54636697638664,320.8018093681954,390.2953319319921,0,0,33,25,7,8,1,1
188,1.8800000000000001,8,0.0,1.2032787449861866,361.7670177116104,208.66081656623072,57.72351157563478,65.96292776812115,362.97029645659654,332.34725590998664,0,0,37,21,6,7,1,1
189,1.8900000000000001,7,0.0,1.2861844352810272,394.48936945283464,175.88783295599103,48.32535066872001,56.061635085209375,395.77555388811567,280.2748187099204,0,0,40,18,5,6,1,1
190,1.9000000000000001,7,0.0,1.3933178753578386,426.3447136131198,183.05431924051706,49.87356425702222,53.44587938164519,427.73803148847765,286.3737628791845,0,0,44,19,5,5,1,1
191,1.9100000000000001,7,0.0,1.5502096666582355,466.67678488910906,202.10262029942936,54.91122318303042,57.06662989432801,468.2269945557673,314.0804733767878,0,0,48,21,6,6,1,1
192,1.92,7,0.0,1.7719127664651946,518.8619675288933,223.97117980248694,65.6450553338004,66.56915197186788,520.6338802953585,356.1853871081552,0,0,53,23,7,7,1,1
193,1.93,6,0.0,2.053981148596323,581.0911381117937,237.74056881621635,65.35542214532026,78.43888126399986,583.1451192603901,381.53487222553645,0,0,60,24,7,8,1,1
194,1.94,5,0.0,2.353818186682309,646.5114435662351,225.5127918340974,61.27571910862202,77.06427671088538,648.8652617529175,363.8527876536048,0,0,66,23,6,8,1,1
195,1.95,2,0.0,2.721516030922706,656.2996909354144,199.17256224438705,53.4288012694989,0.0,659.0212069663371,252.60136351388596,0,0,67,20,5,0,1,1
196,1.96,2,0.0,2.917516262842225,690.8114917899076,126.86036229325737,34.026687753692336,0.0,693.7290080527498,160.8870500469497,0,0,71,13,3,0,1,1
197,1.97,1,0.0,3.0659588860655105,721.6828637032718,0.0,0.0,0.0,724.7488225893372,0.0,0,0,74,0,0,0,1,0
198,1.98,1,0.0,3.188225444778907,759.7624139261844,0.0,0.0,0.0,762.9506393709634,0.0,0,0,78,0,0,0,1,0
199,1.99,1,0.0,3.130229308339852,766.5349071499747,0.0,0.0,0.0,769.6651364583146,0.0,0,0,78,0,0,0,1,0
200,2.0,1,0.0,4.627072003864132,772.4541273939742,0.0,0.0,0.0,777.0811993978383,0.0,0,0,79,0,0,0,1,0
201,2.0100000000000002,1,0.0,4.1329958082762674,728.4514171607073,0.0,0.0,0.0,732.5844129689835,0.0,0,0,75,0,0,0,1,0
202,2.02,1,0.0,3.5328911999111616,663.12191882941,0.0,0.0,0.0,666.6548100293212,0.0,0,0,68,0,0,0,1,0
203,2.0300000000000002,1,0.0,5.4086090124750905,564.521660107054,0.0,0.0,0.0,569.930269119529,0.0,0,1,58,0,0,0,1,0
204,2.04,0,0.0,0.0,0.0,0.0,0.0,0.0,0.0,0.0,0,0,0,0,0,0,0,0
205,2.05,0,0.0,0.0,0.0,0.0,0.0,0.0,0.0,0.0,0,0,0,0,0,0,0,0
206,2.06,0,0.0,0.0,0.0,0.0,0.0,0.0,0.0,0.0,0,0,0,0,0,0,0,0
207,2.07,1,0.0,0.0,0.0,0.0,1.276269193467678,132.14171487596758,0.0,133.41798406943525,0,0,0,0,0,14,0,1
208,2.08,1,0.0,0.0,0.0,0.0,1.2866854633789298,132.89041429730227,0.0,134.1770997606812,0,0,0,0,0,14,0,1
209,2.09,1,0.0,0.0,0.0,0.0,1.1504810045375113,118.44726742176103,0.0,119.59774842629854,0,0,0,0,0,12,0,1
210,2.1,1,0.0,0.0,0.0,0.0,0.9800101994668385,100.6186383396404,0.0,101.59864853910723,0,0,0,0,0,10,0,1
211,2.11,1,0.0,0.0,0.0,0.0,0.8232552453520734,84.24781193666846,0.0,85.07106718202053,0,0,0,0,0,9,0,1
212,2.12,1,0.0,0.0,0.0,0.0,0.6470790601676428,66.01812255767337,0.0,66.665201617841,0,0,0,0,0,7,0,1
213,2.13,1,0.0,0.0,0.0,0.0,0.5163881266278001,52.56245605250316,0.0,53.07884417913096,0,0,0,0,0,5,0,1
214,2.14,2,0.0,0.0,0.0,0.0,2.612536315569681,55.6839337191405,0.0,58.29647003471018,0,0,0,0,0,6,0,1
215,2.15,2,0.0,0.0,0.0,0.0,3.3113530282767134,58.62175299869907,0.0,61.933106026975786,0,0,0,0,0,6,0,1
216,2.16,2,0.0,0.0,0.0,0.0,3.731804192561884,64.40476665587043,0.0,68.13657084843231,0,0,0,0,0,7,0,1
217,2.17,2,0.0,0.0,0.0,0.0,3.181483745807994,71.83516604534168,0.0,75.01664979114967,0,0,0,0,0,7,0,1
218,2.18,2,0.0,0.0,0.0,0.0,2.2117917810591696,74.4041070353436,0.0,76.61589881640278,0,0,0,0,0,8,0,1
219,2.19,2,0.0,0.0,0.0,0.0,0.7822274420242094,70.02759729673335,0.0,70.80982473875756,0,0,0,0,0,7,0,1
220,2.2,4,710.3126085252022,149.59071435119216,0.0,0.0,0.6756131437409489,65.68406324763693,859.9033228763944,66.35967639137787,73,15,0,0,0,7,1,1
221,2.21,4,690.5020737598145,148.10708353700517,0.0,0.0,0.6969443005855016,66.6531634245803,838.6091572968196,67.3501077251658,71,15,0,0,0,7,1,1
222,2.22,4,625.9858629084275,135.38558048040613,0.0,0.0,0.7566044047025888,70.8528710073794,761.3714433888337,71.60947541208199,64,14,0,0,0,7,1,1
223,2.23,4,541.9506219815511,117.32627542464188,0.0,0.0,0.8979618681919932,81.85742649513236,659.2768974061929,82.75538836332436,55,12,0,0,0,8,1,1
224,2.24,4,456.43952067733005,98.44362602822865,0.0,0.0,1.11694742571334,98.25451434566378,554.8831467055587,99.37146177137711,47,10,0,0,0,10,1,1
225,2.25,2,489.50028155027076,129.85715416351036,0.0,0.0,0.7130122960400188,113.85504699616236,619.3574357137811,114.56805929220238,50,13,0,0,0,12,1,1
226,2.2600000000000002,2,427.6542845959842,113.13340219821988,0.0,0.0,0.8727147275761811,129.93133985223324,540.7876867942041,130.80405457980942,44,12,0,0,0,13,1,1
227,2.27,3,593.9173274063138,226.50336721911646,169.65147083044909,0.0,1.0605329446610228,143.80349740794486,990.0721654558794,144.86403035260588,61,23,17,0,0,15,1,1
228,2.2800000000000002,3,494.67672037581895,185.93323659018517,134.914048673364,0.0,1.3299946135133858,159.52884146017794,815.5240056393682,160.85883607369132,51,19,14,0,0,16,1,1
229,2.29,3,400.47814334741366,146.16789700170312,99.13109212993969,0.0,1.1924709124584854,184.9464630816863,645.7771324790565,186.13893399414476,41,15,10,0,0,19,1,1
230,2.3000000000000003,3,338.4040636208324,123.31071264136915,83.72228298542737,0.0,1.7585011365067418,225.63566042049004,545.4370592476289,227.39416155699678,35,13,9,0,0,23,1,1
231,2.31,3,302.84687608647295,115.04496060996664,86.62409422602039,0.0,2.601904899683632,275.80607079538015,504.5159309224599,278.4079756950638,31,12,9,0,0,28,1,1
232,2.32,7,289.94170033565524,105.77622777601047,107.26391802210567,0.0,3.7543895903650815,357.9123382198808,502.9818461337714,361.66672781024585,30,11,11,0,0,37,1,1
233,2.33,7,273.9754912960099,96.35961589587988,122.14382489246478,0.0,4.677474909902013,398.8376259307395,492.4789320843546,403.5151008406415,28,10,13,0,0,41,1,1
234,2.34,8,263.49352899465754,93.7903063924347,127.90523678444833,0.0,4.898305878182134,404.03425816969764,485.1890721715406,408.9325640478798,27,10,13,0,1,41,1,1
235,2.35,8,251.3910936745297,89.09942401467438,125.30282091451801,0.0,3.9764243938540598,357.2467908493537,465.79333860372213,361.2232152432078,26,9,13,0,0,37,1,1
236,2.36,8,234.8904054123344,82.04160125983203,116.33676736559843,0.0,3.1532385315535905,319.50355200724516,433.26877403776484,322.65679053879876,24,8,12,0,0,33,1,1
237,2.37,8,208.6802033967425,71.70406792060807,101.80978467933579,0.0,2.451403099822461,291.5487358487387,382.19405599668636,294.0001389485612,21,7,10,0,0,30,1,1
238,2.38,8,165.7888875142717,58.05879294275305,87.26302717155453,0.0,2.022632390198375,287.1968568718945,311.1107076285793,289.2194892620929,17,6,9,0,0,29,1,1
239,2.39,7,136.46806787677275,47.349123986490405,84.12389658648252,0.0,1.8000972378791344,319.0411211309495,267.9410884497457,320.8412183688286,14,5,9,0,0,33,1,1
240,2.4,7,134.6259956448004,45.118998813700046,86.8035383224919,0.0,1.6701157708586778,364.7831393839447,266.54853278099233,366.45325515480334,14,5,9,0,0,37,1,1
241,2.41,7,128.95801012834715,42.35098061024328,87.0374449453652,0.0,1.530503250536102,401.5700387873396,258.34643568395563,403.10054203787575,13,4,9,0,0,41,1,1
242,2.42,7,117.75619498258656,39.444937320539324,83.55912707809702,0.0,1.418611972841872,427.72619302326814,240.7602593812229,429.14480499611,12,4,9,0,0,44,1,1
243,2.43,5,107.57223336114117,36.017094945652545,78.28244656304744,0.0,1.2932931208565501,432.5061431129793,221.87177486984118,433.7994362338359,11,4,8,0,0,44,1,1
244,2.44,5,99.24390147905207,37.634202312002365,66.51218706658587,0.0,1.300001515298552,456.12405287852624,203.3902908576403,457.4240543938248,10,4,7,0,0,47,1,1
245,2.45,2,98.79285501161326,26.50864804965116,0.0,0.0,1.3819431911711941,492.90874438248915,125.30150306126441,494.29068757366036,10,3,0,0,0,50,1,1
246,2.46,2,116.23899562411926,31.18123854005165,0.0,0.0,1.5524495697568546,549.3351694020892,147.4202341641709,550.887618971846,12,3,0,0,0,56,1,1
247,2.47,2,131.9240314032516,35.38204861330154,0.0,0.0,1.7690877383577526,611.7007631609072,167.30608001655315,613.4698508992649,14,4,0,0,0,63,1,1
248,2.48,1,0.0,0.0,0.0,0.0,1.9644042191477102,657.0984191663431,0.0,659.0628233854908,0,0,0,0,0,67,0,1
249,2.49,3,0.0,0.0,0.0,0.0,2.3077779425088494,717.0459146324682,0.0,719.3536925749771,0,0,0,0,0,73,0,1
250,2.5,3,0.0,0.0,0.0,0.0,2.4262027454271564,721.4204529327702,0.0,723.8466556781974,0,0,0,0,0,74,0,1
251,2.5100000000000002,1,0.0,0.0,0.0,0.0,2.583009494713113,669.3051005077531,0.0,671.8881100024662,0,0,0,0,0,69,0,1
252,2.52,1,0.0,0.0,0.0,0.0,2.6411167100081654,674.5457758227944,0.0,677.1868925328026,0,0,0,0,0,69,0,1
253,2.5300000000000002,1,0.0,0.0,0.0,0.0,2.694264076411537,691.2304033878673,0.0,693.9246674642789,0,0,0,0,0,71,0,1
254,2.54,1,0.0,0.0,0.0,0.0,2.6040090625220143,681.1417929515626,0.0,683.7458020140846,0,0,0,0,0,70,0,1
255,2.5500000000000003,1,0.0,0.0,0.0,0.0,2.3848062405902035,645.3605420914149,0.0,647.7453483320052,0,0,0,0,0,66,0,1
256,2.56,1,0.0,0.0,0.0,0.0,2.1080449755537627,592.820183756265,0.0,594.9282287318188,0,0,0,0,0,61,0,1
257,2.57,1,0.0,0.0,0.0,0.0,2.9595019015720223,562.1685782155449,0.0,565.128080117117,0,0,0,0,0,58,0,1
258,2.58,1,0.0,0.0,0.0,0.0,2.512988103829066,497.3233863415427,0.0,499.83637444537175,0,0,0,0,0,51,0,1
259,2.59,0,0.0,0.0,0.0,0.0,0.0,0.0,0.0,0.0,0,0,0,0,0,0,0,0
260,2.6,0,0.0,0.0,0.0,0.0,0.0,0.0,0.0,0.0,0,0,0,0,0,0,0,0
261,2.61,0,0.0,0.0,0.0,0.0,0.0,0.0,0.0,0.0,0,0,0,0,0,0,0,0
262,2.62,0,0.0,0.0,0.0,0.0,0.0,0.0,0.0,0.0,0,0,0,0,0,0,0,0
263,2.63,1,0.0,0.5554011028295304,55.41517084624075,0.0,0.0,0.0,55.970571949070276,0.0,0,0,6,0,0,0,1,0
264,2.64,1,0.0,0.5497415575700532,54.71375410184018,0.0,0.0,0.0,55.26349565941023,0.0,0,0,6,0,0,0,1,0
265,2.65,2,0.0,1.0954218080951206,53.11304687566436,0.0,0.0,0.0,54.20846868375948,0.0,0,0,5,0,0,0,1,0
266,2.66,2,0.0,0.9595374951559906,47.21073941037656,0.0,0.0,0.0,48.17027690553255,0.0,0,0,5,0,0,0,1,0
267,2.67,2,0.0,0.6771996634681587,40.16518675804101,0.0,0.0,0.0,40.84238642150917,0.0,0,0,4,0,0,0,1,0
268,2.68,2,0.0,0.5147149427971475,36.49387145882185,0.0,0.0,0.0,37.008586401619,0.0,0,0,4,0,0,0,1,0
269,2.69,1,0.0,0.49027526218616047,50.15888367354913,0.0,0.0,0.0,50.64915893573529,0.0,0,0,5,0,0,0,1,0
270,2.7,1,0.0,0.6222197348380022,63.45851966764903,0.0,0.0,0.0,64.08073940248703,0.0,0,0,6,0,0,0,1,0
271,2.71,1,0.0,0.7334317815835077,74.48302797273188,0.0,0.0,0.0,75.21645975431538,0.0,0,0,8,0,0,0,1,0
272,2.72,1,0.0,0.8374869846145728,84.59851253963795,0.0,0.0,0.0,85.43599952425252,0.0,0,0,9,0,0,0,1,0
273,2.73,1,0.0,0.9251537121268987,92.87154256937842,0.0,0.0,0.0,93.79669628150532,0.0,0,0,10,0,0,0,1,0
274,2.74,2,0.0,1.8338322382313148,100.83185133226411,0.0,0.0,0.0,102.66568357049542,0.0,0,0,10,0,0,0,1,0
275,2.75,2,0.0,1.7857083490486567,105.90359927650391,0.0,0.0,0.0,107.68930762555257,0.0,0,0,11,0,0,0,1,0
276,2.7600000000000002,2,0.0,1.1597497437715518,108.77452830401612,0.0,0.0,0.0,109.93427804778767,0.0,0,0,11,0,0,0,1,0
277,2.77,2,0.0,1.169278843065425,112.68553094442784,0.0,0.0,0.0,113.85480978749327,0.0,0,0,12,0,0,0,1,0
278,2.7800000000000002,2,0.0,1.2715576757152447,120.6385709904385,0.0,0.0,0.0,121.91012866615374,0.0,0,0,12,0,0,0,1,0
279,2.79,4,0.0,1.459116342602494,135.59367023415334,410.2489551970449,86.6826613801844,0.0,137.05278657675584,496.9316165772293,0,0,14,42,9,0,1,1
280,2.8000000000000003,4,0.0,1.7120439858066026,155.03618181342924,361.26273957186703,76.98590583267837,0.0,156.74822579923585,438.2486454045454,0,0,16,37,8,0,1,1
281,2.81,2,0.0,1.0059511829381618,167.74025865209296,311.7877115807492,66.62816658320693,0.0,168.74620983503112,378.4158781639561,0,0,17,32,7,0,1,1
282,2.82,2,0.0,1.173294285408193,186.25251797381952,278.55638797506253,59.50588742398769,0.0,187.4258122592277,338.06227539905024,0,0,19,29,6,0,1,1
283,2.83,2,0.0,1.317019304358657,196.45288966814462,269.11119871829203,57.39259748264902,0.0,197.7699089725033,326.50379620094105,0,0,20,28,6,0,1,1
284,2.84,2,0.0,1.423824209727115,195.90362227507572,367.68882794484466,99.85043368498364,0.0,197.32744648480283,467.5392616298283,0,0,20,38,10,0,1,1
285,2.85,2,0.0,1.5508118596877374,192.90047692507406,390.10803441719025,105.80007365412197,0.0,194.4512887847618,495.9081080713122,0,0,20,40,11,0,1,1
286,2.86,3,0.0,1.2045915589614553,200.69955749564133,403.0059518063674,109.22277235291497,0.0,201.90414905460278,512.2287241592824,0,0,21,41,11,0,1,1
287,2.87,4,0.0,1.5683277802227544,221.4198857200602,627.7477955616056,236.90402936311057,162.90487451081833,222.98821350028294,1027.5566994355345,0,0,23,64,24,17,1,1
288,2.88,5,0.0,1.9776315619627094,233.21172042113298,656.5354565391167,211.51990390331707,175.47101741820393,235.1893519830957,1043.5263778606377,0,0,24,67,22,18,1,1
289,2.89,7,0.0,2.4341209094504785,239.33133295548268,668.2445422337129,195.81806352472307,160.9673036797904,241.76545386493316,1025.0299094382262,0,0,25,68,20,16,1,1
290,2.9,7,0.0,2.3357424396311774,209.87490790118446,686.2920515191155,194.57841355789355,150.2815626506316,212.21065034081565,1031.1520277276406,0,0,21,70,20,15,1,1
291,2.91,7,0.0,1.8221674980786355,150.73728775471915,703.6535706119869,199.9186235343987,142.8372786994334,152.5594552527978,1046.409472845819,0,0,15,72,20,15,1,1
292,2.92,8,0.0,0.9719753795092431,80.56052406444266,707.2958926826132,203.50169398953443,135.74194967337633,81.5324994439519,1046.539536345524,0,0,8,72,21,14,1,1
293,2.93,8,0.0,0.3103132898378929,28.316762000716167,684.030569188507,199.35619857345435,127.5180259273582,28.62707529055406,1010.9047936893195,0,0,3,70,20,13,1,1
294,2.94,8,0.0,0.06189209543492842,6.560080458133716,629.9226008858469,193.90591423332805,126.11737836314012,6.621972553568645,949.9458934823151,0,0,1,65,20,13,0,1
295,2.95,9,0.0,0.32309605803875796,40.92698757221563,579.6894087692606,161.30775299674087,119.82132351994377,41.25008363025439,860.8184852859453,0,0,4,59,17,12,1,1
296,2.96,9,0.0,0.5040964225681852,78.10014977245041,510.4726501641048,142.30986766962545,112.95263559405035,78.60424619501859,765.7351534277806,0,0,8,52,15,12,1,1
297,2.97,9,0.0,0.6017126721981696,115.3718866185246,434.8926942768211,121.09485527347196,100.08507753495536,115.97359929072277,656.0726270852483,0,0,12,45,12,10,1,1
298,2.98,9,0.0,0.7124143154773667,165.86837303804634,358.3200031245403,99.35204930574211,86.06042667118903,166.5807873535237,543.7324791014714,0,0,17,37,10,9,1,1
299,2.99,8,0.0,0.8101068087994894,222.50071743765102,289.2937520168738,80.22575291349611,78.98093111917441,223.31082424645052,448.5004360495443,0,0,23,30,8,8,1,1
300,3.0,8,0.0,0.9132975900378575,280.77653474704107,227.56589402745757,63.155774061115025,71.4037557154913,281.68983233707894,362.12542380406387,0,0,29,23,6,7,1,1
301,3.0100000000000002,5,0.0,0.9456828145329796,317.8227115635859,203.48176611956032,56.346667923507724,65.74401900493419,318.7683943781189,325.5724530480022,0,0,33,21,6,7,1,1
302,3.02,5,0.0,1.0415014264412585,356.76243841963503,214.23006963303516,64.80252028992359,63.319272906263556,357.8039398460763,342.35186282922234,0,0,37,22,7,6,1,1
303,3.0300000000000002,5,0.0,1.1633815799672302,394.499801646099,224.7181780647251,68.460212113301,61.5525825506418,395.6631832260662,354.7309727286679,0,0,40,23,7,6,1,1
304,3.04,6,0.0,1.409316653498164,454.4027612959515,223.7367255838233,61.29862210489111,62.6416517112677,455.81207794944964,347.6769993999821,0,0,47,23,6,6,1,1
305,3.0500000000000003,5,0.0,1.6606407312668177,511.72331044840746,212.38592230725175,57.53906659494075,54.71190553766341,513.3839511796742,324.6368944398559,0,0,52,22,6,6,1,1
306,3.06,4,0.0,1.9144571656848988,568.0135412393807,200.08023359280966,53.674059602329834,0.0,569.9279984050656,253.7542931951395,0,0,58,20,5,0,1,1
307,3.0700000000000003,4,0.0,2.180888563641979,625.295819814035,165.0009858714239,44.254485184917776,0.0,627.4767083776769,209.25547105634166,0,0,64,17,5,0,1,1
308,3.08,3,0.0,2.4594979131994394,684.8131743056193,0.0,0.0,0.0,687.2726722188188,0.0,0,0,70,0,0,0,1,0
309,3.09,1,0.0,2.7385063143534527,679.2384194862393,0.0,0.0,0.0,681.9769258005928,0.0,0,0,70,0,0,0,1,0
310,3.1,1,0.0,2.8929756910275137,711.6942568261878,0.0,0.0,0.0,714.5872325172153,0.0,0,0,73,0,0,0,1,0
311,3.11,1,0.0,3.1098311822161904,764.6908629662862,0.0,0.0,0.0,767.8006941485024,0.0,0,0,78,0,0,0,1,0
312,3.12,1,0.0,3.1639375213676892,788.946344347084,0.0,0.0,0.0,792.1102818684517,0.0,0,0,81,0,0,0,1,0
313,3.13,1,0.0,3.014267985131536,777.8756078585305,0.0,0.0,0.0,780.889875843662,0.0,0,0,80,0,0,0,1,0
314,3.14,1,0.0,4.397620360553502,771.7771567295302,0.0,0.0,0.0,776.1747770900837,0.0,0,0,79,0,0,0,1,0
315,3.15,1,0.0,3.83112863102172,709.7601146116325,0.0,0.0,0.0,713.5912432426542,0.0,0,0,73,0,0,0,1,0
316,3.16,1,0.0,3.2211666733132307,630.4345732306612,0.0,0.0,0.0,633.6557399039743,0.0,0,0,65,0,0,0,1,0
317,3.17,0,0.0,0.0,0.0,0.0,0.0,0.0,0.0,0.0,0,0,0,0,0,0,0,0
318,3.18,0,0.0,0.0,0.0,0.0,0.0,0.0,0.0,0.0,0,0,0,0,0,0,0,0
319,3.19,0,0.0,0.0,0.0,0.0,0.0,0.0,0.0,0.0,0,0,0,0,0,0,0,0
320,3.2,0,0.0,0.0,0.0,0.0,0.0,0.0,0.0,0.0,0,0,0,0,0,0,0,0
321,3.21,0,0.0,0.0,0.0,0.0,0.0,0.0,0.0,0.0,0,0,0,0,0,0,0,0
322,3.22,2,0.0,0.0,0.0,281.4995105769829,76.90424544051976,144.47682703421154,0.0,502.8805830517142,0,0,0,29,8,15,0,1
323,3.23,2,0.0,0.0,0.0,275.1777077950391,75.12817164333282,135.15567109319014,0.0,485.461550531562,0,0,0,28,8,14,0,1
324,3.24,2,0.0,0.0,0.0,240.4771180864714,65.61898821366836,113.53370485812937,0.0,419.62981115826915,0,0,0,25,7,12,0,1
325,3.25,2,0.0,0.0,0.0,168.51472361597,46.06625611459416,87.75723811565018,0.0,302.3382178462143,0,0,0,17,5,9,0,1
326,3.2600000000000002,2,0.0,0.0,0.0,112.60229194059326,30.875359619798015,67.96272936934287,0.0,211.44038092973415,0,0,0,12,3,7,0,1
327,3.27,2,0.0,0.0,0.0,95.21922248069804,26.14496518043489,60.897711702642816,0.0,182.26189936377574,0,0,0,10,3,6,0,1
328,3.2800000000000002,2,0.0,0.0,0.0,82.31132808561793,22.69417700001401,61.848485315385894,0.0,166.85399040101782,0,0,0,8,2,6,0,1
329,3.29,2,0.0,0.0,0.0,0.0,2.660137505840948,57.51357226586105,0.0,60.173709771702,0,0,0,0,0,6,0,1
330,3.3000000000000003,2,0.0,0.0,0.0,0.0,3.455822460021964,62.54823689876638,0.0,66.00405935878835,0,0,0,0,0,6,0,1
331,3.31,2,0.0,0.0,0.0,0.0,3.004575223162097,62.790422737941384,0.0,65.79499796110348,0,0,0,0,0,6,0,1
332,3.3200000000000003,2,0.0,0.0,0.0,0.0,0.8624430070188612,60.517414841454375,0.0,61.379857848473236,0,0,0,0,0,6,0,1
333,3.33,2,0.0,0.0,0.0,0.0,0.6000326154975122,59.53287200409842,0.0,60.132904619595934,0,0,0,0,0,6,0,1
334,3.34,4,706.8335343795026,149.73082821359614,0.0,0.0,0.608144943234916,59.49445049662209,856.5643625930987,60.10259543985701,72,15,0,0,0,6,1,1
335,3.35,4,681.7816582230362,146.80590801401027,0.0,0.0,0.6801032728609948,65.30877165883052,828.5875662370464,65.98887493169151,70,15,0,0,0,7,1,1
336,3.36,4,614.8485882137675,133.26917570180262,0.0,0.0,0.761224780591952,71.3088370522325,748.1177639155701,72.07006183282445,63,14,0,0,0,7,1,1
337,3.37,4,536.0049364547821,116.15985157944033,0.0,0.0,0.834788625886813,75.74532189390665,652.1647880342224,76.58011051979346,55,12,0,0,0,8,1,1
338,3.38,2,467.3116565511645,100.95734441985081,0.0,0.0,0.4924792234198594,81.89706042452639,568.2690009710153,82.38953964794625,48,10,0,0,0,8,1,1
339,3.39,2,412.7665257372382,88.84556315734636,0.0,0.0,0.6354845705272217,99.6226494558453,501.6120888945846,100.25813402637253,42,9,0,0,0,10,1,1
340,3.4,2,453.5175465694556,120.23734991646708,0.0,0.0,0.8336403261886162,120.96659492485068,573.7548964859227,121.8002352510393,46,12,0,0,0,12,1,1
341,3.41,2,409.84785238261514,108.42680218175256,0.0,0.0,1.0799447055409808,140.9640635412637,518.2746545643677,142.04400824680468,42,11,0,0,0,14,1,1
342,3.42,2,381.34459603059366,104.02879612565924,0.0,0.0,0.892223498070484,155.79809786814093,485.3733921562529,156.6903213662114,39,11,0,0,0,16,1,1
343,3.43,3,444.983462998826,158.1240415671091,89.98149390999279,0.0,1.2517930576490086,183.88260584640415,693.0889984759278,185.13439890405314,46,16,9,0,0,19,1,1
344,3.44,3,414.1226939365885,147.22866736062474,84.34864105332024,0.0,1.8556821507172967,223.21385910334203,645.7000023505335,225.06954125405932,42,15,9,0,0,23,1,1
345,3.45,5,397.0293707995972,144.34160503440407,88.9791105531422,0.0,2.7835012377231756,292.36602777608675,630.3500863871434,295.1495290138099,41,15,9,0,0,30,1,1
346,3.46,6,374.9994594688065,128.7556906488938,102.4098081018509,0.0,3.930045832586776,351.00375477427957,606.1649582195512,354.9338006068663,38,13,10,0,0,36,1,1
347,3.47,7,345.3211420026152,113.95898554330007,114.57799028130637,0.0,4.980915588750372,400.0661276393714,573.8581178272216,405.04704322812177,35,12,12,0,1,41,1,1
348,3.48,8,314.1445323028018,104.91485080857814,119.69290587859157,0.0,5.436545740491205,422.67287922016476,538.7522889899715,428.109424960656,32,11,12,0,1,43,1,1
349,3.49,8,286.36097911321184,96.3176456588882,117.1736697348156,0.0,4.5473933452992465,391.37339929141774,499.85229450691565,395.920792636717,29,10,12,0,0,40,1,1
350,3.5,8,256.69436959280307,85.93803107513592,107.26009537204482,0.0,3.8790055651921658,371.39124353199594,449.8924960399838,375.2702490971881,26,9,11,0,0,38,1,1
351,3.5100000000000002,8,230.4465435431158,78.04086599264882,97.872900335067,0.0,3.052475315198943,346.9236695743489,406.36030987083166,349.9761448895478,24,8,10,0,0,36,1,1
352,3.52,8,200.40020598821158,66.52388702359093,90.67946218057656,0.0,2.459284254989537,337.6604589610069,357.6035551923791,340.11974321599644,21,7,9,0,0,35,1,1
353,3.5300000000000002,8,147.9905239450215,49.39278284368091,80.51211677331935,0.0,2.1667594860873196,357.41392292157786,277.89542356202173,359.58068240766517,15,5,8,0,0,37,1,1
354,3.54,7,144.7053167961119,47.73486809375019,83.62937897918859,0.0,1.9986421766048867,400.8345059025502,276.0695638690507,402.8331480791551,15,5,9,0,0,41,1,1
355,3.5500000000000003,7,156.54608097952647,50.85618547053162,90.4693731220888,0.0,1.9115836458497917,453.45715218179834,297.8716395721469,455.36873582764815,16,5,9,0,0,46,1,1
356,3.56,7,161.75168760872958,51.81754290603138,94.70926963606166,0.0,1.8538399216310806,498.2250344449792,308.27850015082265,500.0788743666103,17,5,10,0,0,51,1,1
357,3.5700000000000003,7,157.14535349211434,49.412781085508065,94.37220818928913,0.0,1.844689112102565,533.2268596226979,300.9303427669115,535.0715487348004,16,5,10,0,0,55,1,1
358,3.58,7,143.27353111750307,51.00940357281741,83.52638484363005,0.0,1.8852721300636897,561.5114125158649,277.80931953395054,563.3966846459285,15,5,9,0,0,57,1,1
359,3.59,4,122.41961282824785,32.86508385392146,0.0,0.0,1.9732421669340459,587.4565381373112,155.2846966821693,589.4297803042452,13,3,0,0,0,60,1,1
360,3.6,4,115.33348696636122,30.950399547657614,0.0,0.0,2.1292238213086914,620.6639748424,146.28388651401883,622.7931986637086,12,3,0,0,0,64,1,1
361,3.61,4,122.84040481933779,32.95454941060506,0.0,0.0,2.383108059226714,671.7893861877996,155.79495422994285,674.1724942470263,13,3,0,0,0,69,1,1
362,3.62,4,134.61478542279494,36.10425552549673,0.0,0.0,2.68330753041172,727.6600174820921,170.71904094829168,730.3433250125039,14,4,0,0,0,75,1,1
363,3.63,3,0.0,0.0,0.0,0.0,2.94189527458082,766.3309220269286,0.0,769.2728173015095,0,0,0,0,0,78,0,1
364,3.64,3,0.0,0.0,0.0,0.0,3.0784668324685547,772.3351702513925,0.0,775.413637083861,0,0,0,0,0,79,0,1
365,3.65,1,0.0,0.0,0.0,0.0,3.1462098767346034,700.0447089403627,0.0,703.1909188170973,0,0,0,0,0,72,0,1
366,3.66,1,0.0,0.0,0.0,0.0,3.135958202958656,698.3573431315886,0.0,701.4933013345473,0,0,0,0,0,72,0,1
367,3.67,1,0.0,0.0,0.0,0.0,3.1189912086254097,710.9472145589905,0.0,714.0662057676159,0,0,0,0,0,73,0,1
368,3.68,1,0.0,0.0,0.0,0.0,2.9468655287596066,700.7190502391836,0.0,703.6659157679433,0,0,0,0,0,72,0,1
369,3.69,1,0.0,0.0,0.0,0.0,2.6556200134798083,664.283908132971,0.0,666.9395281464508,0,0,0,0,0,68,0,1
370,3.7,1,0.0,0.0,0.0,0.0,3.675877302194956,635.1412811451871,0.0,638.8171584473821,0,0,0,0,0,65,0,1
371,3.71,1,0.0,0.0,0.0,0.0,3.126700504207967,569.4148358684242,0.0,572.5415363726322,0,0,0,0,0,58,0,1
372,3.72,1,0.0,0.0,0.0,0.0,2.581422988060328,495.7693287603834,0.0,498.35075174844377,0,0,0,0,0,51,0,1
373,3.73,0,0.0,0.0,0.0,0.0,0.0,0.0,0.0,0.0,0,0,0,0,0,0,0,0
374,3.74,0,0.0,0.0,0.0,0.0,0.0,0.0,0.0,0.0,0,0,0,0,0,0,0,0
375,3.75,0,0.0,0.0,0.0,0.0,0.0,0.0,0.0,0.0,0,0,0,0,0,0,0,0
376,3.7600000000000002,0,0.0,0.0,0.0,0.0,0.0,0.0,0.0,0.0,0,0,0,0,0,0,0,0
377,3.77,0,0.0,0.0,0.0,0.0,0.0,0.0,0.0,0.0,0,0,0,0,0,0,0,0
378,3.7800000000000002,0,0.0,0.0,0.0,0.0,0.0,0.0,0.0,0.0,0,0,0,0,0,0,0,0
379,3.79,0,0.0,0.0,0.0,0.0,0.0,0.0,0.0,0.0,0,0,0,0,0,0,0,0
380,3.8000000000000003,0,0.0,0.0,0.0,0.0,0.0,0.0,0.0,0.0,0,0,0,0,0,0,0,0
381,3.81,0,0.0,0.0,0.0,0.0,0.0,0.0,0.0,0.0,0,0,0,0,0,0,0,0
382,3.8200000000000003,0,0.0,0.0,0.0,0.0,0.0,0.0,0.0,0.0,0,0,0,0,0,0,0,0
383,3.83,0,0.0,0.0,0.0,0.0,0.0,0.0,0.0,0.0,0,0,0,0,0,0,0,0
384,3.84,1,0.0,0.6918319613422125,71.64407135323935,0.0,0.0,0.0,72.33590331458157,0.0,0,0,7,0,0,0,1,0
385,3.85,1,0.0,0.7745701095956911,79.88786375065712,0.0,0.0,0.0,80.6624338602528,0.0,0,0,8,0,0,0,1,0
386,3.86,1,0.0,0.804975614574995,82.57234536139431,0.0,0.0,0.0,83.37732097596931,0.0,0,0,8,0,0,0,1,0
387,3.87,1,0.0,0.8593919008629317,87.53775306031709,0.0,0.0,0.0,88.39714496118002,0.0,0,0,9,0,0,0,1,0
388,3.88,1,0.0,0.9321034514662516,94.13816769697148,0.0,0.0,0.0,95.07027114843773,0.0,0,0,10,0,0,0,1,0
389,3.89,1,0.0,1.0291213623147852,102.84497922733776,0.0,0.0,0.0,103.87410058965254,0.0,0,0,11,0,0,0,1,0
390,3.9,2,0.0,1.9442770576936446,113.01867746463962,0.0,0.0,0.0,114.96295452233326,0.0,0,0,12,0,0,0,1,0
391,3.91,2,0.0,2.280226048145833,121.88117665834184,0.0,0.0,0.0,124.16140270648768,0.0,0,0,12,0,0,0,1,0
392,3.92,2,0.0,1.9206306416845367,130.65901219841243,0.0,0.0,0.0,132.57964284009697,0.0,0,0,13,0,0,0,1,0
393,3.93,3,0.0,1.64801802907395,143.58502760402482,404.3701731286164,85.0719889327549,0.0,145.23304563309875,489.4421620613713,0,0,15,41,9,0,1,1
394,3.94,3,0.0,1.80152905918988,163.87227342394266,356.6308229193029,75.87046007251745,0.0,165.67380248313253,432.50128299182035,0,0,17,37,8,0,1,1
395,3.95,2,0.0,1.06158049106715,178.98581592570915,306.54312117276686,65.5075523502845,0.0,180.0473964167763,372.0506735230514,0,0,18,31,7,0,1,1
396,3.96,2,0.0,1.2519404366144455,200.64438415511657,277.4866427862992,59.37389801547337,0.0,201.896324591731,336.8605408017726,0,0,21,28,6,0,1,1
397,3.97,2,0.0,1.4457872853518905,216.69006616643966,266.0054569165915,56.89478170410958,0.0,218.13585345179155,322.9002386207011,0,0,22,27,6,0,1,1
398,3.98,2,0.0,1.624132539221326,223.77854668203085,270.0847031070466,57.66766850567401,0.0,225.40267922125219,327.7523716127206,0,0,23,28,6,0,1,1
399,3.99,2,0.0,1.798947364374152,222.812253844315,368.9139613754782,100.25106900760626,0.0,224.61120120868915,469.16503038308446,0,0,23,38,10,0,1,1
400,4.0,2,0.0,1.3287112217063997,220.79288681666415,389.10977483612453,105.55871444244698,0.0,222.12159803837056,494.66848927857154,0,0,23,40,11,0,1,1
401,4.01,3,0.0,1.671197718874615,233.7877946072394,405.4625434203953,109.89321147014881,0.0,235.45899232611401,515.3557548905442,0,0,24,42,11,0,1,1
402,4.0200000000000005,4,0.0,2.1634207974669635,248.90197578824026,647.6253512281096,243.78219961973957,166.35956181695914,251.06539658570722,1057.7671126648083,0,0,25,66,25,17,1,1
403,4.03,7,0.0,2.745212736420508,263.3677289801743,693.0077649415964,203.00185124817773,173.29185146781427,266.11294171659483,1069.3014676575883,0,0,27,71,21,18,1,1
404,4.04,7,0.0,2.7991132238280376,241.5571016856851,701.3025807709388,201.24180984336923,158.46780819023147,244.35621490951314,1061.0121988045394,0,0,25,72,21,16,1,1
405,4.05,7,0.0,2.404087285959088,188.1037553993524,716.8646392907334,203.7215210140042,150.76618295889048,190.5078426853115,1071.3523432636282,0,0,19,73,21,15,1,1
406,4.0600000000000005,8,0.0,1.4972489577599453,116.92116295843863,726.93927804601,205.45991535915394,144.04895629019666,118.41841191619858,1076.4481496953606,0,0,12,74,21,15,1,1
407,4.07,8,0.0,0.5599852099164021,47.29864565252331,717.5886121042514,204.28726213254356,136.48709156715188,47.85863086243972,1058.3629658039467,0,0,5,73,21,14,1,1
408,4.08,8,0.0,0.24431455810496983,23.724273195762976,677.3176100081604,195.31813212453457,127.7580918866116,23.968587753867947,1000.3938340193066,0,0,2,69,20,13,1,1
409,4.09,9,0.0,0.42167098716746104,50.34056750335151,606.6937748130038,166.8177712361189,117.8442737932955,50.76223849051897,891.3558198424182,0,0,5,62,17,12,1,1
410,4.1,9,0.0,0.7082680424839244,101.25240679060263,513.9460762130923,142.5922628490912,112.15444362208167,101.96067483308656,768.6927826842651,0,0,10,53,15,11,1,1
411,4.11,9,0.0,0.9083525174903296,158.7156461117588,425.9136710628632,118.72608656186077,104.95112316960959,159.62399862924912,649.5908807943335,0,0,16,44,12,11,1,1
412,4.12,9,0.0,1.0245156355336265,217.98282232762855,344.87312276750515,96.12338163500668,92.50495452511777,219.00733796316217,533.5014589276296,0,0,22,35,10,9,1,1
413,4.13,8,0.0,1.1149432038685267,276.12040440467507,287.7471446624319,80.21073168191828,84.8418440752351,277.2353476085436,452.79972041958524,0,0,28,29,8,9,1,1
414,4.14,8,0.0,1.1840059328123362,325.9504616668868,235.5497929568927,65.52061912827924,73.59140198347255,327.1344675996991,374.6618140686445,0,0,33,24,7,8,1,1
415,4.15,7,0.0,1.269414754653523,369.61293283866183,202.96573192018795,56.17962472347677,63.05743690647605,370.88234759331533,322.20279355014077,0,0,38,21,6,6,1,1
416,4.16,7,0.0,1.3790021402679988,408.464876306262,197.13504263564505,59.17442934029715,57.767084492546346,409.84387844652997,314.07655646848855,0,0,42,20,6,6,1,1
417,4.17,7,0.0,1.5257105643447912,447.61234844348706,192.12025904309135,57.80510749476061,53.90680173852142,449.1380590078318,303.8321682763734,0,0,46,20,6,6,1,1
418,4.18,6,0.0,1.7255504361666119,492.9806525660507,188.5041369570629,51.61892519836734,53.98112265187011,494.7062030022173,294.1041848073004,0,0,50,19,5,6,1,1
419,4.19,5,0.0,1.9871570858677579,548.504620429833,184.84160169207786,50.08420679200226,47.89370194586364,550.4917775157008,282.81951042994376,0,0,56,19,5,5,1,1
420,4.2,4,0.0,2.308903610372058,613.9501023817091,184.66318468059325,49.541258634512594,0.0,616.2590059920813,234.20444331510583,0,0,63,19,5,0,1,1
421,4.21,4,0.0,2.650777276363321,683.008903969183,169.92998608742025,45.577125410204914,0.0,685.6596812455464,215.50711149762515,0,0,70,17,5,0,1,1
422,4.22,4,0.0,2.9884506817137475,750.0829231056099,138.2662441867018,37.07727317325254,0.0,753.0713737873236,175.34351735995435,0,0,77,14,4,0,1,1
423,4.23,1,0.0,3.3184820142592484,745.2995294928177,0.0,0.0,0.0,748.618011507077,0.0,0,0,76,0,0,0,1,0
424,4.24,1,0.0,3.482117254834538,775.6643260772971,0.0,0.0,0.0,779.1464433321316,0.0,0,0,79,0,0,0,1,0
425,4.25,1,0.0,3.6101890572533324,813.5439120903649,0.0,0.0,0.0,817.1541011476182,0.0,0,0,83,0,0,0,1,0
426,4.26,1,0.0,3.577563850080651,830.3626736524076,0.0,0.0,0.0,833.9402375024882,0.0,0,0,85,0,0,0,1,0
427,4.2700000000000005,1,0.0,3.300463840230347,805.1472871080173,0.0,0.0,0.0,808.4477509482476,0.0,0,0,82,0,0,0,1,0
428,4.28,1,0.0,4.654757011127275,786.6469862292058,0.0,0.0,0.0,791.301743240333,0.0,0,0,81,0,0,0,1,0
429,4.29,1,0.0,3.9485046706888958,715.2162661743171,0.0,0.0,0.0,719.1647708450059,0.0,0,0,73,0,0,0,1,0
430,4.3,1,0.0,3.227806187278574,628.6366829775184,0.0,0.0,0.0,631.864489164797,0.0,0,0,64,0,0,0,1,0
431,4.3100000000000005,0,0.0,0.0,0.0,0.0,0.0,0.0,0.0,0.0,0,0,0,0,0,0,0,0
432,4.32,0,0.0,0.0,0.0,0.0,0.0,0.0,0.0,0.0,0,0,0,0,0,0,0,0
433,4.33,0,0.0,0.0,0.0,0.0,0.0,0.0,0.0,0.0,0,0,0,0,0,0,0,0
434,4.34,1,0.0,0.0,0.0,160.46573960765627,43.03826105989543,0.0,0.0,203.5040006675517,0,0,0,16,4,0,0,1
435,4.3500000000000005,1,0.0,0.0,0.0,157.99010915111455,42.378621427662395,0.0,0.0,200.36873057877693,0,0,0,16,4,0,0,1
436,4.36,2,0.0,0.0,0.0,323.8613780130803,88.22777502776307,139.49521265911113,0.0,551.5843656999546,0,0,0,33,9,14,0,1
437,4.37,2,0.0,0.0,0.0,265.67240426937605,72.47398035992143,123.77958666056209,0.0,461.92597128985955,0,0,0,27,7,13,0,1
438,4.38,2,0.0,0.0,0.0,185.97506873681516,50.85863741312205,99.32407746203681,0.0,336.157783611974,0,0,0,19,5,10,0,1
439,4.39,2,0.0,0.0,0.0,135.76710097677855,37.200097373036314,79.57839459220246,0.0,252.54559294201732,0,0,0,14,4,8,0,1
440,4.4,2,0.0,0.0,0.0,134.8382329858353,36.87025373972598,71.1787274673291,0.0,242.88721419289038,0,0,0,14,4,7,0,1
441,4.41,2,0.0,0.0,0.0,137.40803027462238,37.574173486186446,72.56689261693299,0.0,247.54909637774182,0,0,0,14,4,7,0,1
442,4.42,2,0.0,0.0,0.0,137.5254804057186,37.64264815189332,76.07419149010742,0.0,251.24232004771937,0,0,0,14,4,8,0,1
443,4.43,2,0.0,0.0,0.0,118.67843084916458,32.64077382813288,81.05175825231301,0.0,232.37096292961047,0,0,0,12,3,8,0,1
444,4.44,2,0.0,0.0,0.0,0.0,4.669848288810602,82.96121845296284,0.0,87.63106674177344,0,0,0,0,0,8,0,1
445,4.45,2,0.0,0.0,0.0,0.0,5.50013958811452,86.12619775820033,0.0,91.62633734631486,0,0,0,0,1,9,0,1
446,4.46,2,0.0,0.0,0.0,0.0,4.352853890295962,81.67298680636841,0.0,86.02584069666437,0,0,0,0,0,8,0,1
447,4.47,3,725.7717500384141,154.4939373292418,0.0,0.0,2.3704855569964334,71.27282795999817,880.2656873676559,73.6433135169946,74,16,0,0,0,7,1,1
448,4.48,4,695.4448826375084,150.25479687221502,0.0,0.0,0.7145716179041431,69.59583416935806,845.6996795097234,70.3104057872622,71,15,0,0,0,7,1,1
449,4.49,4,631.4894146883025,136.94308749561833,0.0,0.0,0.7255805752903294,69.11125430067014,768.4325021839209,69.83683487596046,65,14,0,0,0,7,1,1
450,4.5,4,563.854019662755,122.0921342868383,0.0,0.0,0.7188239076326418,66.60603202276641,685.9461539495933,67.32485593039905,58,13,0,0,0,7,1,1
451,4.51,4,501.6496870848044,108.1959278768976,0.0,0.0,0.7065756402134943,63.081487352723386,609.845614961702,63.78806299293688,51,11,0,0,0,6,1,1
452,4.5200000000000005,2,541.0647982965263,143.60838657705244,0.0,0.0,0.37206122328887775,60.198990022616385,684.6731848735787,60.57105124590527,55,15,0,0,0,6,1,1
453,4.53,2,478.14801771841894,126.54812801597205,0.0,0.0,0.4981490669064065,74.97388890981992,604.6961457343909,75.47203797672633,49,13,0,0,0,8,1,1
454,4.54,2,416.36630872525376,109.98473884663524,0.0,0.0,0.7668564867711085,104.27081929288816,526.351047571889,105.03767577965927,43,11,0,0,0,11,1,1
455,4.55,3,476.50451564360884,172.52503078872994,104.17725899756752,0.0,1.15541435361729,138.03712285152693,753.2068054299062,139.19253720514422,49,18,11,0,0,14,1,1
456,4.5600000000000005,3,425.82681226829476,153.62210996316546,92.14792282376192,0.0,1.1279669102801506,172.58836752795008,671.596845055222,173.71633443823023,44,16,9,0,0,18,1,1
457,4.57,3,422.8913921521802,155.5701694822284,99.16852744434831,0.0,1.6907134543293318,209.98656832019594,677.6300890787569,211.67728177452528,43,16,10,0,0,22,1,1
458,4.58,7,430.82827459916206,149.9300043316663,118.03785604494361,0.0,2.5265589265567807,272.0425088257517,698.796134975772,274.5690677523085,44,15,12,0,0,28,1,1
459,4.59,8,409.3840303733881,134.09118896962394,129.63506512881014,0.0,3.6112986855547122,328.5694861951232,673.1102844718221,332.1807848806779,42,14,13,0,0,34,1,1
460,4.6000000000000005,8,367.6521501926049,122.18514000840618,133.36370007635992,0.0,4.589283908568027,372.5149810865922,623.2009902773709,377.1042649951602,38,13,14,0,0,38,1,1
461,4.61,8,331.03737702891004,111.03201787014198,130.39078635960772,0.0,4.8308042258013515,380.1767109849851,572.4601812586598,385.00751521078644,34,11,13,0,0,39,1,1
462,4.62,9,303.49263163844347,101.90481386173609,120.61138738868904,0.0,3.9040151756836763,337.1027875654984,526.0088328888686,341.00680274118207,31,10,12,0,0,35,1,1
463,4.63,9,280.7168988059527,95.26549748041197,108.06782977066945,0.0,3.197968767878103,305.8201596719788,484.05022605703414,309.01812843985687,29,10,11,0,0,31,1,1
464,4.64,9,265.7813726653738,88.51332661285481,102.74202309406289,0.0,2.4429141701995154,277.6166178619638,457.0367223722915,280.0595320321633,27,9,11,0,0,28,1,1
465,4.65,8,233.57862843080355,74.24671795319914,94.05156190287995,0.0,2.0737653587176057,278.88351084707693,401.8769082868826,280.9572762057945,24,8,10,0,0,29,1,1
466,4.66,8,166.68208911577108,52.25971676346109,81.23461315836907,0.0,1.9165438547787983,311.5280202731191,300.17641903760125,313.44456412789793,17,5,8,0,0,32,1,1
467,4.67,8,116.88858632096148,42.996437139412436,75.64694754359542,0.0,1.8429828252555251,363.7217929722406,235.53197100396935,365.56477579749617,12,4,8,0,0,37,1,1
468,4.68,7,133.82224756394166,37.798369979038156,76.69290229187617,0.0,1.7581937840700304,413.7691081776227,248.31351983485598,415.52730196169273,14,4,8,0,0,42,1,1
469,4.69,7,137.2790869273857,38.79906944959989,78.91047550208361,0.0,1.6494503957358264,450.18025715293544,254.9886318790692,451.82970754867125,14,4,8,0,0,46,1,1
470,4.7,7,137.69483701012706,38.932801104707956,79.98365181233663,0.0,1.589469979306114,482.2413579180758,256.61128992717164,483.8308278973819,14,4,8,0,0,49,1,1
471,4.71,5,138.34834862937356,45.0902433015606,83.19015193251715,0.0,1.5238005079127728,498.2089919292464,266.6287438634513,499.73279243715916,14,5,9,0,0,51,1,1
472,4.72,5,142.52152363527898,49.326721746841685,87.74842433243836,0.0,1.615681762972268,539.3354663526749,279.596669714559,540.9511481156471,15,5,9,0,0,55,1,1
473,4.73,4,153.41269973660204,43.15910755572681,95.56900560881903,0.0,1.7700557904352405,585.5342320344819,292.1408129011479,587.3042878249171,16,4,10,0,0,60,1,1
474,4.74,5,0.0,2.053804244203462,80.3365728734746,0.0,2.0981222312583396,663.1262631994747,82.39037711767806,665.224385430733,0,0,8,0,0,68,1,1
475,4.75,4,0.0,0.6627094154656485,66.06708336977488,0.0,2.3775455845143845,714.3133617700628,66.72979278524052,716.6909073545771,0,0,7,0,0,73,1,1
476,4.76,3,0.0,0.0,0.0,0.0,2.600570895100689,744.1222118650658,0.0,746.7227827601664,0,0,0,0,0,76,0,1
477,4.7700000000000005,3,0.0,0.0,0.0,0.0,2.781817130949241,760.4266498236677,0.0,763.2084669546169,0,0,0,0,0,78,0,1
478,4.78,3,0.0,0.0,0.0,0.0,2.93152024846428,770.4296681660157,0.0,773.36118841448,0,0,0,0,0,79,0,1
479,4.79,1,0.0,0.0,0.0,0.0,3.0681865285129803,712.5388986008288,0.0,715.6070851293418,0,0,0,0,0,73,0,1
480,4.8,1,0.0,0.0,0.0,0.0,3.1558671210860254,731.0607679195707,0.0,734.2166350406567,0,0,0,0,0,75,0,1
481,4.8100000000000005,1,0.0,0.0,0.0,0.0,3.1532080009633776,742.3209385228148,0.0,745.4741465237781,0,0,0,0,0,76,0,1
482,4.82,1,0.0,0.0,0.0,0.0,2.978533314150296,725.5307823330272,0.0,728.5093156471775,0,0,0,0,0,74,0,1
483,4.83,1,0.0,0.0,0.0,0.0,2.665202722407793,680.9726987563723,0.0,683.6379014787801,0,0,0,0,0,70,0,1
484,4.84,1,0.0,0.0,0.0,0.0,3.702084987946515,648.2974602979403,0.0,651.9995452858868,0,0,0,0,0,66,0,1
485,4.8500000000000005,1,0.0,0.0,0.0,0.0,3.1216230282259616,576.1250071763411,0.0,579.246630204567,0,0,0,0,0,59,0,1
486,4.86,1,0.0,0.0,0.0,0.0,2.533560830984728,494.8916696465421,0.0,497.42523047752684,0,0,0,0,0,51,0,1
487,4.87,0,0.0,0.0,0.0,0.0,0.0,0.0,0.0,0.0,0,0,0,0,0,0,0,0
488,4.88,0,0.0,0.0,0.0,0.0,0.0,0.0,0.0,0.0,0,0,0,0,0,0,0,0
489,4.89,0,0.0,0.0,0.0,0.0,0.0,0.0,0.0,0.0,0,0,0,0,0,0,0,0
490,4.9,1,0.0,0.5466969241018397,56.66671007868122,0.0,0.0,0.0,57.21340700278306,0.0,0,0,6,0,0,0,1,0
491,4.91,1,0.0,0.5693755256468168,58.81291379137511,0.0,0.0,0.0,59.38228931702193,0.0,0,0,6,0,0,0,1,0
492,4.92,1,0.0,0.5351019737646163,55.05963962475292,0.0,0.0,0.0,55.59474159851754,0.0,0,0,6,0,0,0,1,0
493,4.93,1,0.0,0.48103024983726334,49.30429251544499,0.0,0.0,0.0,49.78532276528225,0.0,0,0,5,0,0,0,1,0
494,4.94,1,0.0,0.4275792717572585,43.63995593505218,0.0,0.0,0.0,44.06753520680944,0.0,0,0,4,0,0,0,1,0
495,4.95,1,0.0,0.46218129158717314,46.98882288681933,0.0,0.0,0.0,47.4510041784065,0.0,0,0,5,0,0,0,1,0
496,4.96,1,0.0,0.6346168976517891,64.2242678610788,0.0,0.0,0.0,64.8588847587306,0.0,0,0,7,0,0,0,1,0
497,4.97,1,0.0,0.7969361660638478,80.21797705821074,0.0,0.0,0.0,81.01491322427458,0.0,0,0,8,0,0,0,1,0
498,4.98,1,0.0,0.9250162991453031,92.52987608686448,0.0,0.0,0.0,93.45489238600977,0.0,0,0,9,0,0,0,1,0
499,4.99,2,0.0,3.0268727319135573,103.07889442674832,0.0,0.0,0.0,106.10576715866188,0.0,0,0,11,0,0,0,1,0
500,5.0,2,0.0,3.592575564694652,110.7365168174655,0.0,0.0,0.0,114.32909238216016,0.0,0,0,11,0,0,0,1,0
501,5.01,2,0.0,4.022297048487016,120.70487086822959,0.0,0.0,0.0,124.72716791671661,0.0,0,0,12,0,0,0,1,0
502,5.0200000000000005,2,0.0,4.548786983048109,132.37357117563482,0.0,0.0,0.0,136.92235815868293,0.0,0,0,14,0,0,0,1,0
503,5.03,2,0.0,4.429813265341075,140.65069262171232,0.0,0.0,0.0,145.0805058870534,0.0,0,0,14,0,0,0,1,0
504,5.04,3,0.0,3.5202494630955123,144.90469054199454,0.0,0.0,0.0,148.42494000509006,0.0,0,0,15,0,0,0,1,0
505,5.05,4,0.0,2.510367753448879,154.97768419391676,427.68627534586795,90.29598365115189,0.0,157.48805194736565,517.9822589970198,0,0,16,44,9,0,1,1
506,5.0600000000000005,2,0.0,0.9913422509453819,167.95161257730726,385.24526985776487,82.21495957385926,0.0,168.94295482825265,467.46022943162416,0,0,17,39,8,0,1,1
507,5.07,2,0.0,1.2230693071538556,198.76819998951598,337.5548843844184,72.21324425101764,0.0,199.99126929666983,409.768128635436,0,0,20,35,7,0,1,1
508,5.08,2,0.0,1.460983998328916,225.52155639545023,317.48806376571156,67.88886906044861,0.0,226.98254039377915,385.37693282616016,0,0,23,33,7,0,1,1
509,5.09,2,0.0,1.6504946156076648,238.65987514723992,288.6642318794052,61.65286721934568,0.0,240.31036976284759,350.3170990987509,0,0,24,30,6,0,1,1
510,5.1000000000000005,2,0.0,1.788828054499587,238.35589919238222,335.9455593965815,88.5183514101888,0.0,240.1447272468818,424.4639108067703,0,0,24,34,9,0,1,1
511,5.11,2,0.0,1.93778033644779,231.9112921912567,349.142489517896,94.89086970631145,0.0,233.8490725277045,444.03335922420746,0,0,24,36,10,0,1,1
512,5.12,2,0.0,1.379929058551364,219.78863379453853,365.56137420197166,99.24929508577114,0.0,221.1685628530899,464.8106692877428,0,0,23,37,10,0,1,1
513,5.13,2,0.0,1.5868353332284517,213.06676276968105,391.94305442286424,106.3265250442768,0.0,214.6535981029095,498.26957946714106,0,0,22,40,11,0,1,1
514,5.14,3,0.0,1.8986017486260298,208.91741553193847,425.3859970070459,115.33942764634736,0.0,210.8160172805645,540.7254246533932,0,0,21,44,12,0,1,1
515,5.15,4,0.0,2.110969640334471,205.57738191866886,465.5420943335552,126.15811920542498,0.0,207.68835155900334,591.7002135389802,0,0,21,48,13,0,1,1
516,5.16,5,0.0,1.8914496858913141,160.93286692409737,661.6816052188491,227.25083168034058,117.14335840238662,162.82431660998867,1006.0757953015764,0,0,16,68,23,12,1,1
517,5.17,6,0.0,1.1629098497596573,92.95852165178239,713.7727566594245,215.86513596630795,131.33248114639758,94.12143150154205,1060.9703737721302,0,0,10,73,22,13,1,1
518,5.18,7,0.0,0.7323462996311988,59.502993694814336,739.5184863269559,212.1432837527469,133.6373255742202,60.23533999444553,1085.299095653923,0,0,6,76,22,14,1,1
519,5.19,8,0.0,0.31426718737525106,28.71965104878045,727.1414617531425,212.05045622369207,133.1481858385709,29.0339182361557,1072.3401038154054,0,0,3,74,22,14,1,1
520,5.2,8,0.0,0.023458969731588085,2.5026519684940194,688.1545226727578,203.37326663845542,131.14773976265508,2.5261109382256075,1022.6755290738683,0,0,0,70,21,13,0,1
521,5.21,9,0.0,0.26872095498688725,35.58300882873538,623.5103569978171,172.67482214390094,126.81872406328141,35.85172978372227,923.0039032049993,0,0,4,64,18,13,1,1
522,5.22,9,0.0,0.5079401122041063,83.77338667319741,531.1746754667043,147.29997471055054,122.70707171434097,84.28132678540152,801.1817218915959,0,0,9,54,15,13,1,1
523,5.23,9,0.0,0.7201697705669112,143.48163972326438,440.88908596069524,122.77864481210929,113.310716948042,144.2018094938313,676.9784477208466,0,0,15,45,13,12,1,1
524,5.24,9,0.0,0.8630368976926717,206.81057306134457,369.52518907891846,102.84213979714993,100.75807012380638,207.67360995903724,573.1253989998747,0,0,21,38,11,10,1,1
525,5.25,9,0.0,0.9685932546924022,266.4187104448796,314.96449602152666,87.46209650353775,87.18159715141859,267.387303699572,489.608189676483,0,0,27,32,9,9,1,1
526,5.26,8,0.0,1.0584104416447246,316.46806553592467,262.3280828533489,72.29852333140232,72.35351818880999,317.52647597756936,406.98012437356124,0,0,32,27,7,7,1,1
527,5.2700000000000005,8,0.0,1.1605507778131006,359.74239684518847,205.73275157265397,55.886310898478484,57.03869888604789,360.9029476230016,318.65776135718033,0,0,37,21,6,6,1,1
528,5.28,8,0.0,1.2870730067888985,401.4183504039373,145.8845393723761,39.60134050014848,41.91911694093554,402.7054234107262,227.40499681346014,0,0,41,15,4,4,1,1
529,5.29,7,0.0,1.4563602454508267,446.43699959753855,119.15197156132554,32.340716855541785,34.84781738682191,447.89335984298936,186.34050580368924,0,0,46,12,3,4,1,1
530,5.3,7,0.0,1.663068791719488,494.0892325269421,143.73655618593912,38.993805455358206,41.14643492312293,495.7523013186616,223.87679656442026,0,0,51,15,4,4,1,1
531,5.3100000000000005,7,0.0,1.8835528608213994,542.6023669955483,174.4650691277897,52.9223389573601,52.33665596874963,544.4859198563697,279.72406405389944,0,0,56,18,5,5,1,1
532,5.32,6,0.0,2.126191331460663,592.6152898278859,204.34395552619011,56.2025138008316,65.93293737706773,594.7414811593466,326.47940670408946,0,0,61,21,6,7,1,1
533,5.33,5,0.0,2.402166924292196,646.3007870233777,195.77408055984748,53.21980524054996,69.89942644363408,648.7029539476698,318.8933122440315,0,0,66,20,5,7,1,1
534,5.34,2,0.0,2.8288594641939624,662.4401212182281,0.0,0.6170332513820307,61.60378473831127,665.2689806824221,62.2208179896933,0,0,68,0,0,6,1,1
535,5.3500000000000005,1,0.0,3.0739187340549594,706.5203085854458,0.0,0.0,0.0,709.5942273195008,0.0,0,0,72,0,0,0,1,0
536,5.36,1,0.0,3.2261025537832557,734.4511731666569,0.0,0.0,0.0,737.6772757204401,0.0,0,0,75,0,0,0,1,0
537,5.37,1,0.0,3.352492527794156,768.7994324245924,0.0,0.0,0.0,772.1519249523866,0.0,0,0,79,0,0,0,1,0
538,5.38,1,0.0,3.3252935999491773,786.2497222988231,0.0,0.0,0.0,789.5750158987723,0.0,0,0,81,0,0,0,1,0
539,5.39,1,0.0,4.981971871864296,803.8853832119772,0.0,0.0,0.0,808.8673550838415,0.0,0,1,82,0,0,0,1,0
540,5.4,1,0.0,4.52975097108315,773.6829617749938,0.0,0.0,0.0,778.2127127460769,0.0,0,0,79,0,0,0,1,0
541,5.41,1,0.0,3.947515888720695,718.5638325886083,0.0,0.0,0.0,722.511348477329,0.0,0,0,74,0,0,0,1,0
542,5.42,1,0.0,3.333535488371183,647.031632463496,0.0,0.0,0.0,650.3651679518671,0.0,0,0,66,0,0,0,1,0
543,5.43,0,0.0,0.0,0.0,0.0,0.0,0.0,0.0,0.0,0,0,0,0,0,0,0,0
544,5.44,0,0.0,0.0,0.0,0.0,0.0,0.0,0.0,0.0,0,0,0,0,0,0,0,0
545,5.45,0,0.0,0.0,0.0,0.0,0.0,0.0,0.0,0.0,0,0,0,0,0,0,0,0
546,5.46,0,0.0,0.0,0.0,0.0,0.0,0.0,0.0,0.0,0,0,0,0,0,0,0,0
547,5.47,0,0.0,0.0,0.0,0.0,0.0,0.0,0.0,0.0,0,0,0,0,0,0,0,0
548,5.48,0,0.0,0.0,0.0,0.0,0.0,0.0,0.0,0.0,0,0,0,0,0,0,0,0
549,5.49,1,0.0,0.0,0.0,0.0,0.8379034133184341,86.93381722054856,0.0,87.77172063386699,0,0,0,0,0,9,0,1
550,5.5,1,0.0,0.0,0.0,0.0,0.7083808192891152,73.34056203672208,0.0,74.0489428560112,0,0,0,0,0,8,0,1
551,5.51,1,0.0,0.0,0.0,0.0,0.5557642971962823,57.39449247758986,0.0,57.95025677478614,0,0,0,0,0,6,0,1
552,5.5200000000000005,1,0.0,0.0,0.0,0.0,0.44604049780263033,45.948346972349,0.0,46.39438747015163,0,0,0,0,0,5,0,1
553,5.53,1,0.0,0.0,0.0,0.0,0.481989723388277,49.53966691723793,0.0,50.021656640626205,0,0,0,0,0,5,0,1
554,5.54,1,0.0,0.0,0.0,0.0,0.5014871786923838,51.385652890449975,0.0,51.88714006914236,0,0,0,0,0,5,0,1
555,5.55,1,0.0,0.0,0.0,0.0,0.6144040012691425,62.690658558104126,0.0,63.30506255937327,0,0,0,0,0,6,0,1
556,5.5600000000000005,1,0.0,0.0,0.0,0.0,0.7644039730030813,77.59118403996176,0.0,78.35558801296484,0,0,0,0,0,8,0,1
557,5.57,1,0.0,0.0,0.0,0.0,0.8779396689049819,88.49602154490543,0.0,89.37396121381042,0,0,0,0,0,9,0,1
558,5.58,2,0.0,0.0,0.0,0.0,1.960013599969301,93.3507896049595,0.0,95.3108032049288,0,0,0,0,0,10,0,1
559,5.59,2,0.0,0.0,0.0,0.0,1.3394104716132214,88.8870529106441,0.0,90.22646338225732,0,0,0,0,0,9,0,1
560,5.6000000000000005,2,0.0,0.0,0.0,0.0,0.8571287031014527,83.53273967624726,0.0,84.38986837934871,0,0,0,0,0,9,0,1
561,5.61,3,659.393016120307,138.15694322804,0.0,0.0,0.8936370448432267,85.64135961413936,797.5499593483471,86.53499665898259,68,14,0,0,0,9,1,1
562,5.62,4,643.1349624375936,137.72679025722374,0.0,0.0,1.0165869135185808,95.44861439873199,780.8617526948174,96.46520131225057,66,14,0,0,0,10,1,1
563,5.63,4,578.2646188990469,125.10566569915785,0.0,0.0,1.1666270139232007,106.7796967861707,703.3702845982048,107.94632380009391,59,13,0,0,0,11,1,1
564,5.64,2,485.2592423879965,104.89851285195888,0.0,0.0,0.6646500367075543,112.04414294155599,590.1577552399553,112.70879297826355,50,11,0,0,0,11,1,1
565,5.65,2,406.1558294930196,87.36031460999686,0.0,0.0,0.746420159874484,119.56234183192758,493.5161441030165,120.30876199180207,42,9,0,0,0,12,1,1
566,5.66,2,448.8318965160907,118.7172137653447,0.0,0.0,0.8752130001804748,130.4191267916254,567.5491102814353,131.29433979180587,46,12,0,0,0,13,1,1
567,5.67,2,412.8763461323501,108.91039064790748,0.0,0.0,1.073344229882766,144.83656060886014,521.7867367802576,145.9099048387429,42,11,0,0,0,15,1,1
568,5.68,3,625.3369825292716,245.2104242904259,195.99591367690545,0.0,0.894887270401519,162.15587798047025,1066.543320496603,163.05076525087176,64,25,20,0,0,17,1,1
569,5.69,6,552.968419337295,214.63609571913247,160.7079467984999,0.0,1.3017319448831137,194.6278463700165,928.3124618549275,195.9295783148996,57,22,16,0,0,20,1,1
570,5.7,6,512.7136210262595,169.04022695615933,150.86063701252007,0.0,1.921576299045178,231.23342028342876,832.614484994939,233.15499658247393,53,17,15,0,0,24,1,1
571,5.71,9,448.6330317058476,148.6603438428505,124.34200891878444,0.0,3.655520715095247,285.6698565981661,721.6353844674826,289.32537731326136,46,15,13,0,0,29,1,1
572,5.72,8,397.30423469045303,131.76056507256612,108.81679079855716,0.0,4.002708483370434,332.11709187326835,637.8815905615763,336.1198003566388,41,13,11,0,0,34,1,1
573,5.73,9,366.0696133867652,121.72135718855054,110.67912670806118,0.0,5.1710485177210055,377.2128206739601,598.4700972833768,382.38386919168113,37,12,11,0,1,39,1,1
574,5.74,9,334.7345405782188,112.23028938716546,119.09136402729573,0.0,5.936811409559846,417.20770549173596,566.0561939926799,423.1445169012958,34,11,12,0,1,43,1,1
575,5.75,9,303.9818623838552,103.51651112484278,124.39598258867065,0.0,5.771692858592543,424.9188305237011,531.8943560973686,430.69052338229363,31,11,13,0,1,44,1,1
576,5.76,9,288.1505303234742,100.37289936586735,125.41297291633856,0.0,4.289228713738255,371.713363079699,513.9364026056801,376.00259179343726,30,10,13,0,0,38,1,1
577,5.7700000000000005,9,291.626388498726,104.04216465214654,126.92173326147798,0.0,3.193468059426927,323.4320529108502,522.5902864123505,326.62552097027714,30,11,13,0,0,33,1,1
578,5.78,9,289.4944097636475,100.85873088226582,124.38545089159254,0.0,2.492719897182605,295.8801502971736,514.738591537506,298.3728701943562,30,10,13,0,0,30,1,1
579,5.79,9,257.4152206657311,88.85450001966007,115.67750142458208,0.0,2.0904450677665287,300.9735113118219,461.94722210997327,303.06395637958843,26,9,12,0,0,31,1,1
580,5.8,9,198.2382773007974,69.37408327365307,101.62904550654316,0.0,1.9799131079613683,335.51054241494313,369.2414060809936,337.4904555229045,20,7,10,0,0,34,1,1
581,5.8100000000000005,9,121.2444817249654,47.238892348231744,86.23395326941059,0.0,1.9647349636849902,381.5849026713813,254.71732734260772,383.5496376350663,12,5,9,0,0,39,1,1
582,5.82,8,119.9854696912756,46.07660258268681,87.86573465629549,0.0,1.996163984694801,431.8357029588675,253.92780693025787,433.8318669435623,12,5,9,0,0,44,1,1
583,5.83,8,121.08789899230736,45.79985259731793,88.59071403707762,0.0,2.0799338410022776,484.94134558378937,255.4784656267029,487.02127942479166,12,5,9,0,0,50,1,1
584,5.84,8,115.67573281999817,48.370201594766996,87.92461377142955,0.0,2.218835601825253,539.9380222059403,251.97054818619472,542.1568578077656,12,5,9,0,0,55,1,1
585,5.8500000000000005,8,123.75591013312537,36.29133664653575,82.75429584500847,0.0,2.456858421159399,601.2071734239687,242.8015426246696,603.6640318451281,13,4,8,0,0,62,1,1
586,5.86,7,129.53599729383583,37.855115161185395,86.60372224176119,0.0,2.7936174619612912,670.5446224346717,253.99483469678245,673.338239896633,13,4,9,0,0,69,1,1
587,5.87,7,138.74710809096374,40.50358874825138,93.41185986167753,0.0,3.1884675119341854,740.5493405260497,272.66255670089265,743.7378080379839,14,4,10,0,0,76,1,1
588,5.88,7,142.46091588592054,41.647690974295635,96.25796186739217,0.0,3.542236778375476,796.488129324215,280.36656872760835,800.0303661025905,15,4,10,0,0,82,1,1
589,5.89,6,0.0,33.51093123949154,87.08033438920663,0.0,3.7904894606536663,831.93851071047,120.59126562869817,835.7290001711237,0,3,9,0,0,85,1,1
590,5.9,5,0.0,2.3589880109948127,74.58527670349672,0.0,3.8727124598942044,844.4258539344734,76.94426471449152,848.2985663943675,0,0,8,0,0,86,1,1
591,5.91,4,0.0,0.5293425105167688,52.797288181460374,0.0,3.8606378309802643,845.0801339776551,53.326630691977144,848.9407718086354,0,0,5,0,0,87,1,1
592,5.92,1,0.0,0.0,0.0,0.0,3.7435976804865496,762.4029008955986,0.0,766.1464985760852,0,0,0,0,0,78,0,1
593,5.93,1,0.0,0.0,0.0,0.0,3.590586942830409,769.9620163149157,0.0,773.5526032577461,0,0,0,0,0,79,0,1
594,5.94,1,0.0,0.0,0.0,0.0,3.2166751732063354,738.066426199947,0.0,741.2831013731534,0,0,0,0,0,76,0,1
595,5.95,1,0.0,0.0,0.0,0.0,2.701010065250712,672.8445341292853,0.0,675.545544194536,0,0,0,0,0,69,0,1
596,5.96,1,0.0,0.0,0.0,0.0,3.5718090782331213,625.4197834032075,0.0,628.9915924814406,0,0,0,0,0,64,0,1
597,5.97,1,0.0,0.0,0.0,0.0,2.889556751857427,542.2886749186413,0.0,545.1782316704987,0,0,0,0,0,56,0,1
598,5.98,1,0.0,0.0,0.0,0.0,1.9681138482945009,393.41988291759014,0.0,395.3879967658846,0,0,0,0,0,40,0,1
599,5.99,0,0.0,0.0,0.0,0.0,0.0,0.0,0.0,0.0,0,0,0,0,0,0,0,0
600,6.0,0,0.0,0.0,0.0,0.0,0.0,0.0,0.0,0.0,0,0,0,0,0,0,0,0
601,6.01,0,0.0,0.0,0.0,0.0,0.0,0.0,0.0,0.0,0,0,0,0,0,0,0,0
602,6.0200000000000005,0,0.0,0.0,0.0,0.0,0.0,0.0,0.0,0.0,0,0,0,0,0,0,0,0
603,6.03,1,0.0,0.45014565652635813,44.98081914867069,0.0,0.0,0.0,45.43096480519705,0.0,0,0,5,0,0,0,1,0
604,6.04,1,0.0,0.42054451913238716,41.912839847432245,0.0,0.0,0.0,42.33338436656463,0.0,0,0,4,0,0,0,1,0
605,6.05,1,0.0,0.3654726526748565,36.33201735162075,0.0,0.0,0.0,36.6974900042956,0.0,0,0,4,0,0,0,1,0
606,6.0600000000000005,1,0.0,0.3000231893661463,29.7400340814129,0.0,0.0,0.0,30.040057270779048,0.0,0,0,3,0,0,0,1,0
607,6.07,2,0.0,0.5461654573025011,47.91353760836455,0.0,0.0,0.0,48.45970306566705,0.0,0,0,5,0,0,0,1,0
608,6.08,3,0.0,1.0251787654137074,64.91701833311012,0.0,0.0,0.0,65.94219709852383,0.0,0,0,7,0,0,0,1,0
609,6.09,1,0.0,0.6823430456101889,69.44568346731332,0.0,0.0,0.0,70.1280265129235,0.0,0,0,7,0,0,0,1,0
610,6.1000000000000005,1,0.0,0.7244802233455856,73.28129600784486,0.0,0.0,0.0,74.00577623119044,0.0,0,0,8,0,0,0,1,0
611,6.11,1,0.0,0.7735172039013556,77.64164547819026,0.0,0.0,0.0,78.4151626820916,0.0,0,0,8,0,0,0,1,0
612,6.12,1,0.0,0.8478052565689546,84.31977101056698,0.0,0.0,0.0,85.16757626713594,0.0,0,0,9,0,0,0,1,0
613,6.13,1,0.0,0.9437736606993291,92.89457348112474,0.0,0.0,0.0,93.83834714182407,0.0,0,0,10,0,0,0,1,0
614,6.140000000000001,2,0.0,1.0611167767803744,103.27287012010218,0.0,0.0,0.0,104.33398689688256,0.0,0,0,11,0,0,0,1,0
615,6.15,2,0.0,1.2182778182875549,116.92976048887958,0.0,0.0,0.0,118.14803830716714,0.0,0,0,12,0,0,0,1,0
616,6.16,2,0.0,1.4383287326223155,135.467880788395,0.0,0.0,0.0,136.90620952101733,0.0,0,0,14,0,0,0,1,0
617,6.17,2,0.0,1.8129395248592897,157.4932077599569,0.0,0.0,0.0,159.3061472848162,0.0,0,0,16,0,0,0,1,0
618,6.18,2,0.0,1.0040352068987606,170.94859907691924,401.59635423719084,84.93209154811662,0.0,171.95263428381799,486.52844578530744,0,0,18,41,9,0,1,1
619,6.19,2,0.0,1.1775427406828174,192.3225171573132,349.1584688666778,74.38982072272223,0.0,193.500059897996,423.54828958940004,0,0,20,36,8,0,1,1
620,6.2,2,0.0,1.3631711643181144,211.6590237251495,303.9627540550314,64.92922872170013,0.0,213.0221948894676,368.89198277673154,0,0,22,31,7,0,1,1
621,6.21,2,0.0,1.5771469155509863,229.01921327404466,277.41573702025937,59.27003313726538,0.0,230.59636018959566,336.68577015752476,0,0,23,28,6,0,1,1
622,6.22,2,0.0,1.8095899189771691,241.2461644990821,360.86763956972516,95.20270701455308,0.0,243.05575441805928,456.07034658427824,0,0,25,37,10,0,1,1
623,6.23,2,0.0,1.2944828273893272,238.14428299738452,365.7514136090061,96.4025816510638,0.0,239.43876582477384,462.1539952600699,0,0,24,37,10,0,1,1
624,6.24,3,0.0,1.4799705763450768,236.32248356111333,380.18821967130407,100.08280336610795,0.0,237.8024541374584,480.271023037412,0,0,24,39,10,0,1,1
625,6.25,3,0.0,1.6952864245287935,229.59109974210844,406.2186217204349,106.82213182214565,0.0,231.28638616663724,513.0407535425805,0,0,24,42,11,0,1,1
626,6.26,4,0.0,1.9569414546915453,218.46857984129318,653.0402472336477,233.31759680017183,150.36203649520573,220.4255212959847,1036.7198805290252,0,0,22,67,24,15,1,1
627,6.2700000000000005,5,0.0,2.16013270830456,213.69017708785196,661.3966455076684,229.42261259639838,135.64385979061353,215.85030979615652,1026.4631178946802,0,0,22,68,23,14,1,1
628,6.28,5,0.0,2.087412704836895,180.33482009795023,667.6250152223374,226.70412911724753,125.21166283007622,182.42223280278714,1019.5408071696611,0,0,18,68,23,13,1,1
629,6.29,7,0.0,1.5989819358830681,131.11492913103487,687.0999172419622,209.62712847845071,130.1715232852565,132.71391106691794,1026.8985690056693,0,0,13,70,21,13,1,1
630,6.3,7,0.0,0.8729516303613956,74.97332795253274,676.5485671176417,196.7000264298137,128.4230691838258,75.84627958289414,1001.6716627312811,0,0,8,69,20,13,1,1
631,6.3100000000000005,8,0.0,0.25266816371147777,24.40397231037893,643.0749875739626,188.42839499829557,125.74614214872176,24.656640474090405,957.24952472098,0,0,2,66,19,13,1,1
632,6.32,8,0.0,0.3428155281454069,39.276401269937004,596.3984879504336,181.38752123536185,127.51366099597809,39.61921679808241,905.2996701817735,0,0,4,61,19,13,1,1
633,6.33,9,0.0,0.5544527188032395,76.06468916816333,537.2720803118006,166.46733595346143,125.9140202571386,76.61914188696656,829.6534365224006,0,0,8,55,17,13,1,1
634,6.34,9,0.0,0.6940128375628053,119.43352462796733,465.56630482803087,145.52241119571303,119.29110031260937,120.12753746553014,730.3798163363533,0,0,12,48,15,12,1,1
635,6.3500000000000005,9,0.0,0.779846356797237,165.64159944392247,389.0808248716718,123.34224073116273,108.67674456079033,166.4214458007197,621.0998101636249,0,0,17,40,13,11,1,1
636,6.36,8,0.0,0.8735973327972686,222.91016711884134,307.9072910828037,103.53859845480089,96.55892737892071,223.7837644516386,508.0048169165253,0,0,23,32,11,10,1,1
637,6.37,8,0.0,0.9722375627119421,283.3141762212031,237.20665809983632,80.9080355515356,86.91962214246193,284.28641378391507,405.03431579383385,0,0,29,24,8,9,1,1
638,6.38,8,0.0,1.0834162219916321,342.8672490483252,181.1207027248122,61.0630239770011,78.14642839491637,343.95066527031685,320.33015509672964,0,0,35,19,6,8,1,1
639,6.390000000000001,6,0.0,1.1186813583771222,378.8236643618374,157.65947990282862,53.840912008749356,73.91920804952417,379.9423457202145,285.41959996110216,0,0,39,16,6,8,1,1
640,6.4,5,0.0,1.228029602703066,419.11691387905273,162.17006931235267,54.13208391015086,71.3666799673601,420.3449434817558,287.6688331898636,0,0,43,17,6,7,1,1
641,6.41,5,0.0,1.33513241477984,450.1018990409221,170.37777200677138,55.07197521191214,67.79082264739152,451.4370314557019,293.240569866075,0,0,46,17,6,7,1,1
642,6.42,7,0.0,1.5718524141183012,502.5551234700297,163.85937597211836,55.790359355221625,63.56535915351336,504.126975884148,283.21509448085334,0,0,51,17,6,7,1,1
643,6.43,7,0.0,1.769467403670325,546.3443474976425,163.60239698531026,54.04721182035381,57.6571129086824,548.1138149013128,275.30672171434645,0,0,56,17,6,6,1,1
644,6.44,6,0.0,1.9859804507252286,596.0953069355451,171.4993688831534,47.32319959692052,60.807323810843,598.0812873862703,279.6298922909169,0,0,61,18,5,6,1,1
645,6.45,4,0.0,2.2287311166008323,649.1276813315054,168.42817499032734,45.17604540169425,0.0,651.3564124481062,213.6042203920216,0,0,66,17,5,0,1,1
646,6.46,1,0.0,2.525853763290646,649.7024073179176,0.0,0.0,0.0,652.2282610812083,0.0,0,0,67,0,0,0,1,0
647,6.47,1,0.0,2.7174781018067047,684.6746839210099,0.0,0.0,0.0,687.3921620228166,0.0,0,0,70,0,0,0,1,0
648,6.48,1,0.0,2.890587710310717,721.671970040954,0.0,0.0,0.0,724.5625577512646,0.0,0,0,74,0,0,0,1,0
649,6.49,1,0.0,3.0905098849619326,772.5124452167121,0.0,0.0,0.0,775.6029551016741,0.0,0,0,79,0,0,0,1,0
650,6.5,1,0.0,3.1023091123513913,792.6582546670867,0.0,0.0,0.0,795.760563779438,0.0,0,0,81,0,0,0,1,0
651,6.51,1,0.0,4.676020878259874,807.238490052243,0.0,0.0,0.0,811.914510930503,0.0,0,0,83,0,0,0,1,0
652,6.5200000000000005,1,0.0,4.219239471977556,763.826805862759,0.0,0.0,0.0,768.0460453347365,0.0,0,0,78,0,0,0,1,0
653,6.53,1,0.0,3.6125045720833246,693.8103087198508,0.0,0.0,0.0,697.4228132919342,0.0,0,0,71,0,0,0,1,0
654,6.54,0,0.0,0.0,0.0,0.0,0.0,0.0,0.0,0.0,0,0,0,0,0,0,0,0
655,6.55,0,0.0,0.0,0.0,0.0,0.0,0.0,0.0,0.0,0,0,0,0,0,0,0,0
656,6.5600000000000005,0,0.0,0.0,0.0,0.0,0.0,0.0,0.0,0.0,0,0,0,0,0,0,0,0
657,6.57,0,0.0,0.0,0.0,0.0,0.0,0.0,0.0,0.0,0,0,0,0,0,0,0,0
658,6.58,0,0.0,0.0,0.0,0.0,0.0,0.0,0.0,0.0,0,0,0,0,0,0,0,0
659,6.59,1,0.0,0.0,0.0,0.0,1.2859163244999054,128.20125662535398,0.0,129.48717294985389,0,0,0,0,0,13,0,1
660,6.6000000000000005,1,0.0,0.0,0.0,0.0,1.132573712079168,116.99840425394324,0.0,118.1309779660224,0,0,0,0,0,12,0,1
661,6.61,1,0.0,0.0,0.0,0.0,0.8915007709511624,91.8340007588578,0.0,92.72550152980897,0,0,0,0,0,9,0,1
662,6.62,1,0.0,0.0,0.0,0.0,0.7210340293727753,74.0668789486897,0.0,74.78791297806248,0,0,0,0,0,8,0,1
663,6.63,1,0.0,0.0,0.0,0.0,0.5814040553820072,59.578227147232575,0.0,60.159631202614584,0,0,0,0,0,6,0,1
664,6.640000000000001,1,0.0,0.0,0.0,0.0,0.5097644129343333,52.06622859094907,0.0,52.575993003883404,0,0,0,0,0,5,0,1
665,6.65,1,0.0,0.0,0.0,0.0,0.4995416116934037,50.869901507410034,0.0,51.36944311910344,0,0,0,0,0,5,0,1
666,6.66,1,0.0,0.0,0.0,0.0,0.5438960422620929,55.21905048857115,0.0,55.76294653083324,0,0,0,0,0,6,0,1
667,6.67,1,0.0,0.0,0.0,0.0,0.6174714171583184,62.45473064652515,0.0,63.07220206368347,0,0,0,0,0,6,0,1
668,6.68,2,0.0,0.0,0.0,0.0,1.5200814972653625,67.80828475534375,0.0,69.32836625260911,0,0,0,0,0,7,0,1
669,6.69,2,0.0,0.0,0.0,0.0,1.4659541785834085,66.51502197853044,0.0,67.98097615711384,0,0,0,0,0,7,0,1
670,6.7,2,0.0,0.0,0.0,0.0,0.6657961840636036,64.4523175621455,0.0,65.1181137462091,0,0,0,0,0,7,0,1
671,6.71,2,0.0,0.0,0.0,0.0,0.6947372147239195,67.85393103421428,0.0,68.5486682489382,0,0,0,0,0,7,0,1
672,6.72,4,751.732648940478,159.72773515485,0.0,0.0,0.7411490445018813,71.25681758214513,911.460384095328,71.99796662664701,77,16,0,0,0,7,1,1
673,6.73,4,691.6180297754071,149.36836562469603,0.0,0.0,0.7889231532814213,74.36040502142804,840.9863954001031,75.14932817470945,71,15,0,0,0,8,1,1
674,6.74,4,584.8173278404249,126.64746089818756,0.0,0.0,0.8427359293738882,77.34759900217793,711.4647887386125,78.19033493155182,60,13,0,0,0,8,1,1
675,6.75,4,487.3957801170649,105.1767057338177,0.0,0.0,0.9331356968343056,82.82902304164647,592.5724858508826,83.76215873848076,50,11,0,0,0,8,1,1
676,6.76,2,423.76430959667937,90.98664598502579,0.0,0.0,0.5235579095908108,84.43854891777725,514.7509555817052,84.96210682736806,43,9,0,0,0,9,1,1
677,6.7700000000000005,2,480.125964601784,126.88596831296567,0.0,0.0,0.5823628787965939,87.70870053921693,607.0119329147497,88.29106341801352,49,13,0,0,0,9,1,1
678,6.78,2,451.08969642650806,118.90008400375754,0.0,0.0,0.6753536928110259,92.80704496252754,569.9897804302656,93.48239865533857,46,12,0,0,0,10,1,1
679,6.79,3,610.363925949289,230.8160009072681,170.78708084836347,0.0,0.8834440205115712,106.68849717066932,1011.9670077049204,107.5719411911809,63,24,17,0,0,11,1,1
680,6.8,5,551.153689880645,190.84353958084463,145.03082800691197,0.0,0.8129273166911194,127.30568637226376,887.0280574684016,128.1186136889549,56,20,15,0,0,13,1,1
681,6.8100000000000005,5,503.9875397049867,169.08565842789864,121.74186945807648,0.0,1.232683361537741,157.8649858860084,794.8150675909619,159.09766924754615,52,17,12,0,0,16,1,1
682,6.82,7,483.4615292373025,156.6277810123987,112.85943350717599,0.0,1.963050398445739,214.8817990814349,752.9487437568771,216.84484947988065,50,16,12,0,0,22,1,1
683,6.83,8,466.5119365892066,153.51729231020488,113.65586190095985,0.0,2.948139948126318,267.79751041901477,733.6850908003713,270.7456503671411,48,16,12,0,0,27,1,1
684,6.84,8,443.68830339904645,148.8281257360523,120.37186664818773,0.0,3.929950324220485,312.7350649107022,712.8882957832865,316.6650152349227,45,15,12,0,0,32,1,1
685,6.8500000000000005,9,411.1598817641383,138.31963213508985,127.10313071068119,0.0,4.50509288678193,337.30881514938017,676.5826446099093,341.8139080361621,42,14,13,0,0,35,1,1
686,6.86,9,368.706687810632,124.79338960003216,127.19761536633575,0.0,4.36074514383882,336.5545407475914,620.6976927769999,340.9152858914302,38,13,13,0,0,34,1,1
687,6.87,9,314.65627223897707,107.43171566955206,118.36496033658298,0.0,3.540583082022513,311.8580433839847,540.4529482451121,315.3986264660072,32,11,12,0,0,32,1,1
688,6.88,9,251.7719109861089,87.62624274454673,104.56287839912859,0.0,3.11186289279689,312.22954223877946,443.9610321297842,315.3414051315763,26,9,11,0,0,32,1,1
689,6.890000000000001,9,188.73305733883527,66.55856649225127,94.29338673409899,0.0,2.6779957056142716,325.1477549730067,349.58501056518554,327.825750678621,19,7,10,0,0,33,1,1
690,6.9,8,137.6841814909996,48.88680358864043,86.53759807109407,0.0,2.5052462036868137,361.2861428427865,273.1085831507341,363.7913890464733,14,5,9,0,0,37,1,1
691,6.91,8,136.76465115632092,47.19282099775381,90.50754676336656,0.0,2.360473177755986,407.64496106827204,274.4650189174413,410.005434246028,14,5,9,0,0,42,1,1
692,6.92,8,140.48410693679403,47.63630798251111,95.50230660781261,0.0,2.2202609852812416,457.51266622124024,283.62272152711773,459.7329272065215,14,5,10,0,0,47,1,1
693,6.93,7,144.98972989586986,48.63995920204876,97.50970298722739,0.0,2.1014935432763115,503.52917969616476,291.139392085146,505.6306732394411,15,5,10,0,0,52,1,1
694,6.94,7,147.18250340966176,49.01776270161358,95.05418074378849,0.0,2.002619581870964,540.102182258958,291.25444685506386,542.1048018408289,15,5,10,0,0,55,1,1
695,6.95,7,151.55697853199254,43.442236587095316,87.92422163781919,0.0,1.9509481974411236,569.8566946249812,282.92343675690705,571.8076428224223,16,4,9,0,0,58,1,1
696,6.96,7,145.67984483242276,50.83041270249772,86.1239813996254,0.0,1.9714270573885595,597.7422660122356,282.63423893454586,599.7136930696242,15,5,9,0,0,61,1,1
697,6.97,7,146.28296755585393,51.58193095285602,88.02234364755564,0.0,2.0759654723955268,631.9196562956243,285.8872421562656,633.9956217680199,15,5,9,0,0,65,1,1
698,6.98,7,153.99700968492087,57.52478396729406,95.14290852079671,0.0,2.26957070580292,679.632285915275,306.6647021730116,681.901856621078,16,6,10,0,0,70,1,1
699,6.99,6,180.151741008515,50.5411576147529,107.60140731942415,0.0,2.5224863759494074,736.9891817865339,338.29430594269206,739.5116681624833,18,5,11,0,0,75,1,1
700,7.0,5,190.18926109094588,52.005944540637714,98.6817312158063,0.0,2.7516689242171273,781.7268342838602,340.87693684738986,784.4785032080773,19,5,10,0,0,80,1,1
701,7.01,3,0.0,0.0,0.0,0.0,2.893511887670572,798.5648819730462,0.0,801.4583938607168,0,0,0,0,0,82,0,1
702,7.0200000000000005,3,0.0,0.0,0.0,0.0,2.922211710883614,787.2199703270546,0.0,790.1421820379383,0,0,0,0,0,81,0,1
703,7.03,1,0.0,0.0,0.0,0.0,2.8948956808522808,708.0456480663671,0.0,710.9405437472194,0,0,0,0,0,73,0,1
704,7.04,1,0.0,0.0,0.0,0.0,2.9259576111268464,728.150433724295,0.0,731.0763913354218,0,0,0,0,0,75,0,1
705,7.05,1,0.0,0.0,0.0,0.0,2.8078154612935493,725.1600584837546,0.0,727.9678739450482,0,0,0,0,0,74,0,1
706,7.0600000000000005,1,0.0,0.0,0.0,0.0,2.5408903010577153,687.5590981370145,0.0,690.0999884380723,0,0,0,0,0,70,0,1
707,7.07,1,0.0,0.0,0.0,0.0,3.4874592185629054,648.3092044250222,0.0,651.7966636435851,0,0,0,0,0,66,0,1
708,7.08,1,0.0,0.0,0.0,0.0,2.930901995899289,571.7701871347622,0.0,574.7010891306614,0,0,0,0,0,59,0,1
709,7.09,0,0.0,0.0,0.0,0.0,0.0,0.0,0.0,0.0,0,0,0,0,0,0,0,0
710,7.1000000000000005,0,0.0,0.0,0.0,0.0,0.0,0.0,0.0,0.0,0,0,0,0,0,0,0,0
711,7.11,1,0.0,0.4989160358671172,49.785382578466674,0.0,0.0,0.0,50.28429861433379,0.0,0,0,5,0,0,0,1,0
712,7.12,1,0.0,0.531184151357675,52.954549616304035,0.0,0.0,0.0,53.48573376766171,0.0,0,0,5,0,0,0,1,0
713,7.13,1,0.0,0.5547359541305065,55.240621873359814,0.0,0.0,0.0,55.79535782749032,0.0,0,0,6,0,0,0,1,0
714,7.140000000000001,1,0.0,0.5649439657344796,56.19414227209938,0.0,0.0,0.0,56.759086237833856,0.0,0,0,6,0,0,0,1,0
715,7.15,2,0.0,1.3425932793302702,58.372820718416875,0.0,0.0,0.0,59.71541399774715,0.0,0,0,6,0,0,0,1,0
716,7.16,2,0.0,1.1550177538010928,52.769885842730034,0.0,0.0,0.0,53.924903596531124,0.0,0,0,5,0,0,0,1,0
717,7.17,2,0.0,0.8280923351159892,43.755553106245046,0.0,0.0,0.0,44.583645441361035,0.0,0,0,4,0,0,0,1,0
718,7.18,2,0.0,0.5396955173864326,34.28326444356443,0.0,0.0,0.0,34.82295996095086,0.0,0,0,4,0,0,0,1,0
719,7.19,1,0.0,0.46589914174047437,47.903072415760924,0.0,0.0,0.0,48.368971557501396,0.0,0,0,5,0,0,0,1,0
720,7.2,1,0.0,0.619901473174975,63.632564722947855,0.0,0.0,0.0,64.25246619612282,0.0,0,0,7,0,0,0,1,0
721,7.21,1,0.0,0.7183807067236759,73.55498649356574,0.0,0.0,0.0,74.27336720028941,0.0,0,0,8,0,0,0,1,0
722,7.22,1,0.0,0.753242791849735,76.8468035294001,0.0,0.0,0.0,77.60004632124983,0.0,0,0,8,0,0,0,1,0
723,7.23,1,0.0,0.7712189345799185,78.31617637687644,0.0,0.0,0.0,79.08739531145636,0.0,0,0,8,0,0,0,1,0
724,7.24,1,0.0,0.8112013050080878,81.89648628349248,0.0,0.0,0.0,82.70768758850056,0.0,0,0,8,0,0,0,1,0
725,7.25,1,0.0,0.8860731790000071,88.84141265220583,0.0,0.0,0.0,89.72748583120584,0.0,0,0,9,0,0,0,1,0
726,7.26,2,0.0,1.8868122129347262,100.50461839789587,0.0,0.0,0.0,102.3914306108306,0.0,0,0,10,0,0,0,1,0
727,7.2700000000000005,2,0.0,2.8577186327868107,114.15873171900162,0.0,0.0,0.0,117.01645035178844,0.0,0,0,12,0,0,0,1,0
728,7.28,2,0.0,3.7847068656029896,126.87377538422409,0.0,0.0,0.0,130.65848224982707,0.0,0,0,13,0,0,0,1,0
729,7.29,2,0.0,3.6197268760261005,135.98730502892107,0.0,0.0,0.0,139.60703190494718,0.0,0,0,14,0,0,0,1,0
730,7.3,3,0.0,2.7328852102213617,145.18652445845692,387.84662924561036,81.353151803184,0.0,147.91940966867827,469.19978104879436,0,0,15,40,8,0,1,1
731,7.3100000000000005,4,0.0,1.6833477679829767,155.1167029864597,347.9659058052606,73.80053305117754,0.0,156.80005075444268,421.7664388564381,0,0,16,36,8,0,1,1
732,7.32,2,0.0,0.9198054215876142,156.9727873443226,305.87239249230345,65.13341563473159,0.0,157.89259276591022,371.00580812703504,0,0,16,31,7,0,1,1
733,7.33,2,0.0,1.0001763942391446,163.5618368114026,286.12200630181553,61.006286680202685,0.0,164.56201320564173,347.1282929820182,0,0,17,29,6,0,1,1
734,7.34,2,0.0,1.0669482432222377,164.90282284307034,291.8722141837637,62.26092199786386,0.0,165.96977108629258,354.13313618162755,0,0,17,30,6,0,1,1
735,7.3500000000000005,2,0.0,1.145953842668827,164.90588956529083,387.1383213409296,101.99812553893248,0.0,166.05184340795967,489.1364468798621,0,0,17,40,10,0,1,1
736,7.36,2,0.0,1.324275141973653,173.58446335385696,385.3604018495981,101.44702938667356,0.0,174.90873849583062,486.80743123627167,0,0,18,39,10,0,1,1
737,7.37,2,0.0,1.0306955398591902,184.02502393732843,375.4545304312313,98.72124374014996,0.0,185.0557194771876,474.17577417138125,0,0,19,38,10,0,1,1
738,7.38,2,0.0,1.295678123162166,198.70366541811012,371.87354631147895,97.67782472074191,0.0,199.99934354127228,469.55137103222086,0,0,20,38,10,0,1,1
739,7.390000000000001,2,0.0,1.6078940475619323,205.13074530034078,381.25947535217654,100.0734640254837,0.0,206.7386393479027,481.33293937766024,0,0,21,39,10,0,1,1
740,7.4,2,0.0,1.796020963969227,191.71326298178428,411.73760065741305,111.54379106002564,0.0,193.5092839457535,523.2813917174387,0,0,20,42,11,0,1,1
741,7.41,4,0.0,1.6437009237771552,162.76458731399407,447.26486762714114,121.08014889577997,0.0,164.40828823777122,568.3450165229211,0,0,17,46,12,0,1,1
742,7.42,5,0.0,1.1051968349928014,100.75784260040282,591.7792738431571,193.04797722052342,80.54344556391379,101.86303943539562,865.3706966275943,0,0,10,61,20,8,1,1
743,7.43,5,0.0,0.7534906441230004,68.22456810148425,597.499915707852,191.05684455136927,72.25181920747653,68.97805874560726,860.8085794666978,0,0,7,61,20,7,1,1
744,7.44,5,0.0,0.3063306172216856,30.572841127690154,591.5036113504232,189.91775650554348,73.62557044895544,30.87917174491184,855.0469383049222,0,0,3,61,19,8,1,1
745,7.45,5,0.0,0.019193168892865948,2.1724458595889367,554.5104163115947,179.06946528209227,71.71918430647685,2.1916390284818026,805.2990659001637,0,0,0,57,18,7,0,1
746,7.46,6,0.0,0.10255941100114838,14.131429354196591,509.834874332974,160.06215330838955,82.02713582071564,14.23398876519774,751.9241634620793,0,0,1,52,16,8,0,1
747,7.47,7,0.0,0.3249255449099257,55.49606041285387,439.31089478814994,137.79457509713833,82.69593379229227,55.820985957763796,659.8014036775805,0,0,6,45,14,8,1,1
748,7.48,7,0.0,0.4791312560950591,98.88004959761096,366.96356190494373,114.2860481199953,80.84003593169656,99.35918085370602,562.0896459566356,0,0,10,38,12,8,1,1
749,7.49,7,0.0,0.5283374575483519,134.35679784725647,297.0005268508593,90.64284156451237,74.34606208419264,134.88513530480483,461.98943049956426,0,0,14,30,9,8,1,1
750,7.5,7,0.0,0.5961399770622751,181.53184290813627,233.00438461347414,71.60004047284791,65.1868498140947,182.12798288519855,369.79127490041674,0,0,19,24,7,7,1,1
751,7.51,5,0.0,0.6216707604393543,219.52811916847463,172.90698646528233,53.8943629556378,52.79098328184746,220.14978992891398,279.5923327027676,0,0,22,18,6,5,1,1
752,7.5200000000000005,1,0.0,0.0,0.0,153.11053551544111,41.13074165435872,0.0,0.0,194.24127716979984,0,0,0,16,4,0,0,1
753,7.53,1,0.0,0.0,0.0,144.24802054146897,38.729859717066226,0.0,0.0,182.9778802585352,0,0,0,15,4,0,0,1
754,7.54,1,0.0,0.0,0.0,146.50586221520263,39.318084527808374,0.0,0.0,185.823946743011,0,0,0,15,4,0,0,1
755,7.55,2,0.0,0.9812670922390134,359.47587663361145,154.7441844669478,41.51220972971624,0.0,360.4571437258505,196.25639419666402,0,0,37,16,4,0,1,1
756,7.5600000000000005,2,0.0,1.1978804650119337,416.1620814141179,164.9362492565841,44.232050286808835,0.0,417.3599618791298,209.16829954339292,0,0,43,17,5,0,1,1
757,7.57,3,0.0,1.5239207468372298,486.4847051638535,0.0,0.0,0.0,488.00862591069074,0.0,0,0,50,0,0,0,1,0
758,7.58,3,0.0,1.8462782044884216,550.1278920690713,0.0,0.0,0.0,551.9741702735597,0.0,0,0,56,0,0,0,1,0
759,7.59,3,0.0,2.171724058735184,615.1600283288826,0.0,0.0,0.0,617.3317523876178,0.0,0,0,63,0,0,0,1,0
760,7.6000000000000005,3,0.0,2.488961880074459,679.0573891645843,0.0,0.0,0.0,681.5463510446588,0.0,0,0,70,0,0,0,1,0
761,7.61,1,0.0,2.829215727310485,679.284331146985,0.0,0.0,0.0,682.1135468742955,0.0,0,0,70,0,0,0,1,0
762,7.62,1,0.0,2.989591122924994,709.8013739904404,0.0,0.0,0.0,712.7909651133655,0.0,0,0,73,0,0,0,1,0
763,7.63,1,0.0,3.109791450975709,739.5876177142537,0.0,0.0,0.0,742.6974091652295,0.0,0,0,76,0,0,0,1,0
764,7.640000000000001,1,0.0,3.230073259447266,773.800450683303,0.0,0.0,0.0,777.0305239427503,0.0,0,0,79,0,0,0,1,0
765,7.65,1,0.0,3.1868394887462235,781.5474786448011,0.0,0.0,0.0,784.7343181335474,0.0,0,0,80,0,0,0,1,0
766,7.66,1,0.0,4.785022295993932,792.2890430722173,0.0,0.0,0.0,797.0740653682112,0.0,0,0,81,0,0,0,1,0
767,7.67,1,0.0,4.3683686676578395,755.5725008711149,0.0,0.0,0.0,759.9408695387727,0.0,0,0,77,0,0,0,1,0
768,7.68,1,0.0,3.808479118392089,696.6897608170108,0.0,0.0,0.0,700.4982399354029,0.0,0,0,71,0,0,0,1,0
769,7.69,1,0.0,3.2149403234524048,623.9473997236014,0.0,0.0,0.0,627.1623400470538,0.0,0,0,64,0,0,0,1,0
770,7.7,0,0.0,0.0,0.0,0.0,0.0,0.0,0.0,0.0,0,0,0,0,0,0,0,0
771,7.71,0,0.0,0.0,0.0,0.0,0.0,0.0,0.0,0.0,0,0,0,0,0,0,0,0
772,7.72,0,0.0,0.0,0.0,0.0,0.0,0.0,0.0,0.0,0,0,0,0,0,0,0,0
773,7.73,0,0.0,0.0,0.0,0.0,0.0,0.0,0.0,0.0,0,0,0,0,0,0,0,0
774,7.74,0,0.0,0.0,0.0,0.0,0.0,0.0,0.0,0.0,0,0,0,0,0,0,0,0
775,7.75,0,0.0,0.0,0.0,0.0,0.0,0.0,0.0,0.0,0,0,0,0,0,0,0,0
776,7.76,1,0.0,0.0,0.0,0.0,1.02459630125405,106.03358728080019,0.0,107.05818358205424,0,0,0,0,0,11,0,1
777,7.7700000000000005,1,0.0,0.0,0.0,0.0,0.782867299164331,80.86018358494151,0.0,81.64305088410585,0,0,0,0,0,8,0,1
778,7.78,1,0.0,0.0,0.0,0.0,0.5886552238236322,60.72555109204205,0.0,61.31420631586568,0,0,0,0,0,6,0,1
779,7.79,1,0.0,0.0,0.0,0.0,0.4826189783623909,49.68868530757195,0.0,50.17130428593434,0,0,0,0,0,5,0,1
780,7.8,1,0.0,0.0,0.0,0.0,0.5106712655794288,52.48442898829958,0.0,52.995100253879,0,0,0,0,0,5,0,1
781,7.8100000000000005,1,0.0,0.0,0.0,0.0,0.5534822595864896,56.768323075778326,0.0,57.321805335364814,0,0,0,0,0,6,0,1
782,7.82,1,0.0,0.0,0.0,0.0,0.5884120541372073,60.176073067691874,0.0,60.76448512182908,0,0,0,0,0,6,0,1
783,7.83,1,0.0,0.0,0.0,0.0,0.634929269765699,64.65166987452571,0.0,65.2865991442914,0,0,0,0,0,7,0,1
784,7.84,1,0.0,0.0,0.0,0.0,0.7554378373159727,76.47917597976756,0.0,77.23461381708353,0,0,0,0,0,8,0,1
785,7.8500000000000005,1,0.0,0.0,0.0,0.0,0.8665496973938408,87.00923503124731,0.0,87.87578472864115,0,0,0,0,0,9,0,1
786,7.86,2,0.0,0.0,0.0,0.0,2.8265481867102125,93.81500067308846,0.0,96.64154885979868,0,0,0,0,0,10,0,1
787,7.87,2,0.0,0.0,0.0,0.0,2.787462529540873,94.61806996845687,0.0,97.40553249799774,0,0,0,0,0,10,0,1
788,7.88,3,588.1897124828386,124.30948888063531,0.0,0.0,1.8672753203727508,95.0354254613898,712.4992013634738,96.90270078176256,60,13,0,0,0,10,1,1
789,7.890000000000001,3,539.9616051465691,115.32442890220577,0.0,0.0,1.0574435215414766,100.2031126518751,655.2860340487749,101.26055617341657,55,12,0,0,0,10,1,1
790,7.9,3,472.9743515901494,101.48826340089984,0.0,0.0,1.1790531726867597,109.1386049615866,574.4626149910492,110.31765813427336,48,10,0,0,0,11,1,1
791,7.91,2,402.06866709604,86.25660952071526,0.0,0.0,0.67779179309492,116.05480554010708,488.3252766167552,116.73259733320201,41,9,0,0,0,12,1,1
792,7.92,2,437.0078190125561,115.55919034125097,0.0,0.0,0.7838404143422971,128.14704594111967,552.5670093538071,128.93088635546198,45,12,0,0,0,13,1,1
793,7.930000000000001,2,389.5158258561352,102.82338198307194,0.0,0.0,0.8944645273843234,137.4502049792334,492.3392078392072,138.34466950661772,40,11,0,0,0,14,1,1
794,7.94,2,360.61632415782503,95.07940983480509,0.0,0.0,1.0417423253829896,146.48785365839925,455.69573399263015,147.52959598378223,37,10,0,0,0,15,1,1
795,7.95,2,341.6128378004257,90.00149642965357,0.0,0.0,1.2400025821843805,155.15163176668133,431.6143342300793,156.39163434886572,35,9,0,0,0,16,1,1
796,7.96,2,319.9090572267627,84.1819325165753,0.0,0.0,1.0532010872409718,171.09298547053416,404.090989743338,172.14618655777514,33,9,0,0,0,18,1,1
797,7.97,2,294.30703660246024,77.31620593324446,0.0,0.0,1.5850042132736086,211.00464671928867,371.6232425357047,212.58965093256228,30,8,0,0,0,22,1,1
798,7.98,3,315.14985229094214,107.84849166735319,61.464132010371245,0.0,2.389375257534693,259.80796309641926,484.4624759686666,262.19733835395397,32,11,6,0,0,27,1,1
799,7.99,5,283.6547407781434,102.22496566696867,68.14334587644471,0.0,3.5861284016129966,342.3160881266319,454.02305232155675,345.9022165282449,29,10,7,0,0,35,1,1
800,8.0,5,257.81459110877904,99.18333128695085,77.35970923700393,0.0,4.8331511662655675,401.3894222491972,434.35763163273384,406.22257341546276,26,10,8,0,0,41,1,1
801,8.01,6,239.90468313655495,89.19999580178511,95.0396478365059,0.0,5.787866454971574,450.1339816519701,424.1443267748459,455.92184810694164,25,9,10,0,1,46,1,1
802,8.02,6,211.271483740554,77.84311221551104,100.08218049830917,0.0,6.034535338635552,477.51774777029834,389.19677645437423,483.5522831089339,22,8,10,0,1,49,1,1
803,8.03,7,195.2920594888761,69.53005081410112,95.41206695707564,0.0,5.1808201908012474,457.1441969860276,360.23417726005283,462.32501717682885,20,7,10,0,1,47,1,1
804,8.040000000000001,7,182.16171383811934,64.99267868398111,90.67926131400635,0.0,4.179245485407572,430.65710068395845,337.8336538361068,434.83634616936604,19,7,9,0,0,44,1,1
805,8.05,7,159.47476488680294,57.641447632304214,85.28326095905051,0.0,3.34836664083715,403.4278257529536,302.3994734781577,406.7761923937907,16,6,9,0,0,41,1,1
806,8.06,7,157.49425607300142,54.65662330726075,82.79840698270912,0.0,2.6673688737382406,384.5875493968666,294.9492863629713,387.2549182706049,16,6,8,0,0,39,1,1
807,8.07,7,146.06655464323333,50.03777844736338,78.35760343349179,0.0,2.2115862917118188,382.4247576463827,274.4619365240885,384.6363439380945,15,5,8,0,0,39,1,1
808,8.08,7,118.23777945925008,40.968873756086715,71.97984584678665,0.0,1.9657126779222065,399.49867437494987,231.18649906212343,401.4643870528721,12,4,7,0,0,41,1,1
809,8.09,7,110.90862489251924,38.37583923859785,71.95938487546533,0.0,1.862832321732135,433.5724128209489,221.24384900658242,435.435245142681,11,4,7,0,0,44,1,1
810,8.1,7,113.99491864517353,40.57911437015124,74.66577125850537,0.0,1.8595213837969466,479.376951032418,229.23980427383015,481.23647241621495,12,4,8,0,0,49,1,1
811,8.11,7,120.31903864758024,43.12021489581261,77.0288924709875,0.0,1.9262521898544087,529.6746867049935,240.46814601438035,531.6009388948479,12,4,8,0,0,54,1,1
812,8.120000000000001,7,127.68192208440294,47.942561497853745,77.98698180904243,0.0,2.0581331855016827,583.1602804701373,253.61146539129913,585.218413655639,13,5,8,0,0,60,1,1
813,8.13,6,137.41290771949832,53.470192948352846,79.09090422600448,0.0,2.2692814410179953,642.9645446204186,269.97400489385564,645.2338260614366,14,5,8,0,0,66,1,1
814,8.14,5,144.92202603035733,66.6977969137908,68.08743103762237,0.0,2.5666762274345336,707.4331998523181,279.70725398177046,709.9998760797527,15,7,7,0,0,72,1,1
815,8.15,4,154.62407258537925,41.482092123411086,0.0,0.0,2.870754580060078,761.0877464459494,196.10616470879035,763.9585010260095,16,4,0,0,0,78,1,1
816,8.16,4,144.90766101710466,38.868587455730314,0.0,0.0,3.0783992237128133,786.6169535399881,183.77624847283496,789.695352763701,15,4,0,0,0,81,1,1
817,8.17,4,115.65732114843777,31.018268604282166,0.0,0.0,3.15717362339835,787.9214001125755,146.67558975271993,791.0785737359738,12,3,0,0,0,81,1,1
818,8.18,3,0.0,0.0,0.0,0.0,3.1577472305717897,781.2615573536905,0.0,784.4193045842622,0,0,0,0,0,80,0,1
819,8.19,1,0.0,0.0,0.0,0.0,3.0626027762539954,706.5404144393776,0.0,709.6030172156317,0,0,0,0,0,72,0,1
820,8.2,1,0.0,0.0,0.0,0.0,2.986007734483301,714.339844432981,0.0,717.3258521674643,0,0,0,0,0,73,0,1
821,8.21,1,0.0,0.0,0.0,0.0,2.747922795327629,691.8386864133328,0.0,694.5866092086604,0,0,0,0,0,71,0,1
822,8.22,1,0.0,0.0,0.0,0.0,2.3893628363735,640.0057403372999,0.0,642.3951031736734,0,0,0,0,0,66,0,1
823,8.23,1,0.0,0.0,0.0,0.0,3.233322225196646,600.1750068661379,0.0,603.4083290913345,0,0,0,0,0,61,0,1
824,8.24,1,0.0,0.0,0.0,0.0,2.683080886539065,524.7366847703041,0.0,527.4197656568432,0,0,0,0,0,54,0,1
825,8.25,0,0.0,0.0,0.0,0.0,0.0,0.0,0.0,0.0,0,0,0,0,0,0,0,0
826,8.26,0,0.0,0.0,0.0,0.0,0.0,0.0,0.0,0.0,0,0,0,0,0,0,0,0
827,8.27,0,0.0,0.0,0.0,0.0,0.0,0.0,0.0,0.0,0,0,0,0,0,0,0,0
828,8.28,0,0.0,0.0,0.0,0.0,0.0,0.0,0.0,0.0,0,0,0,0,0,0,0,0
829,8.290000000000001,0,0.0,0.0,0.0,0.0,0.0,0.0,0.0,0.0,0,0,0,0,0,0,0,0
830,8.3,0,0.0,0.0,0.0,0.0,0.0,0.0,0.0,0.0,0,0,0,0,0,0,0,0
831,8.31,1,0.0,0.4523993960561516,45.16499828036121,0.0,0.0,0.0,45.61739767641736,0.0,0,0,5,0,0,0,1,0
832,8.32,1,0.0,0.39699824783673865,39.56766490634562,0.0,0.0,0.0,39.96466315418236,0.0,0,0,4,0,0,0,1,0
833,8.33,1,0.0,0.33193179451583954,33.02689581795328,0.0,0.0,0.0,33.35882761246912,0.0,0,0,3,0,0,0,1,0
834,8.34,2,0.0,0.5183889149991949,43.967240994507335,0.0,0.0,0.0,44.48562990950653,0.0,0,0,5,0,0,0,1,0
835,8.35,2,0.0,1.0219478650934262,61.594981804329436,0.0,0.0,0.0,62.61692966942286,0.0,0,0,6,0,0,0,1,0
836,8.36,2,0.0,1.5151217270212474,77.27473883678978,0.0,0.0,0.0,78.78986056381103,0.0,0,0,8,0,0,0,1,0
837,8.370000000000001,1,0.0,0.8038485812261249,82.03525127161502,0.0,0.0,0.0,82.83909985284114,0.0,0,0,8,0,0,0,1,0
838,8.38,1,0.0,0.8670339944733586,88.0134792309128,0.0,0.0,0.0,88.88051322538615,0.0,0,0,9,0,0,0,1,0
839,8.39,1,0.0,0.9162650622832922,92.39663637305338,0.0,0.0,0.0,93.31290143533667,0.0,0,0,9,0,0,0,1,0
840,8.4,1,0.0,0.9630492979336447,96.34198210496618,0.0,0.0,0.0,97.30503140289983,0.0,0,0,10,0,0,0,1,0
841,8.41,2,0.0,2.0278782228266197,102.50159341080565,0.0,0.0,0.0,104.52947163363227,0.0,0,0,10,0,0,0,1,0
842,8.42,2,0.0,2.253869839425981,109.74036727231262,0.0,0.0,0.0,111.99423711173861,0.0,0,0,11,0,0,0,1,0
843,8.43,2,0.0,2.2887242809948956,119.66758952459533,0.0,0.0,0.0,121.95631380559023,0.0,0,0,12,0,0,0,1,0
844,8.44,2,0.0,2.2319477356731916,133.71331237818308,0.0,0.0,0.0,135.94526011385628,0.0,0,0,14,0,0,0,1,0
845,8.45,4,0.0,2.2477378676928215,151.8935474575797,397.1588819789211,83.827291169661,0.0,154.14128532527252,480.9861731485821,0,0,16,41,9,0,1,1
846,8.46,4,0.0,2.7967534358538555,175.917283678861,334.7913100474987,71.30244356329123,0.0,178.71403711471484,406.0937536107899,0,0,18,34,7,0,1,1
847,8.47,2,0.0,1.143786741379898,190.01631024374555,290.92882040607907,62.12115369235127,0.0,191.16009698512545,353.0499740984303,0,0,19,30,6,0,1,1
848,8.48,2,0.0,1.3061472087691373,206.49626289061106,264.14705354436944,56.40315748065464,0.0,207.8024100993802,320.55021102502405,0,0,21,27,6,0,1,1
849,8.49,2,0.0,1.407958021322388,208.76615614693816,247.848702308776,52.878663766829,0.0,210.17411416826056,300.727366075605,0,0,21,25,5,0,1,1
850,8.5,2,0.0,1.4847871922568288,202.98992871204558,351.59308741581646,92.56592337447034,0.0,204.4747159043024,444.1590107902868,0,0,21,36,9,0,1,1
851,8.51,2,0.0,1.658205796000629,203.8113439425703,363.9547552277317,95.6988118407457,0.0,205.46954973857092,459.6535670684774,0,0,21,37,10,0,1,1
852,8.52,2,0.0,1.290077759145149,211.0689872720537,368.43276161080473,96.7549782022266,0.0,212.35906503119887,465.1877398130313,0,0,22,38,10,0,1,1
853,8.53,2,0.0,1.6363385216968296,225.47623567731986,385.0658047497501,104.3407469142655,0.0,227.1125741990167,489.4065516640156,0,0,23,39,11,0,1,1
854,8.540000000000001,3,0.0,2.1050663717852673,236.5886691975402,610.4961535117727,223.92709631214782,142.74154986565063,238.69373556932547,977.1647996895712,0,0,24,63,23,15,1,1
855,8.55,5,0.0,2.4776695415665757,245.9752313036683,621.3174074369452,221.46490631326296,129.56001274681822,248.45290084523486,972.3423264970264,0,0,25,64,23,13,1,1
856,8.56,5,0.0,2.42372483162942,208.2621160879772,633.120180877607,219.40344485898342,116.8595983716394,210.68584091960662,969.3832241082299,0,0,21,65,22,12,1,1
857,8.57,5,0.0,1.755560046823698,142.43207963385058,643.2066817086086,218.16851018351457,107.40851010012818,144.18763968067427,968.7837019922514,0,0,15,66,22,11,1,1
858,8.58,6,0.0,0.8800957391217253,74.15250518089451,666.4937147315584,201.2075584069431,117.51572015372251,75.03260092001624,985.2169932922241,0,0,8,68,21,12,1,1
859,8.59,7,0.0,0.24418928901758472,23.19579898960891,653.3993938099336,192.84863328469729,117.27916465602715,23.439988278626494,963.527191750658,0,0,2,67,20,12,1,1
860,8.6,7,0.0,0.2993235754102523,33.57879723555052,606.926911214561,184.89231959797934,115.71952872069348,33.87812081096077,907.5387595332338,0,0,3,62,19,12,1,1
861,8.61,8,0.0,0.5300683975983994,73.05813158852276,543.7887371832991,168.33102309917518,115.46152625539901,73.58819998612115,827.5812865378733,0,0,7,56,17,12,1,1
862,8.620000000000001,8,0.0,0.6863203034534118,116.86915571067205,462.8688024065159,145.89999496927297,109.59104673162082,117.55547601412546,718.3598441074097,0,0,12,47,15,11,1,1
863,8.63,8,0.0,0.8515649474180568,175.90545221178675,378.71038878146567,121.83191867520445,100.10761826506695,176.75701715920482,600.6499257217371,0,0,18,39,12,10,1,1
864,8.64,8,0.0,0.9737657587762846,241.0943895763033,305.5105041240066,98.06885350825482,92.96130120971279,242.0681553350796,496.5406588419743,0,0,25,31,10,10,1,1
865,8.65,8,0.0,1.0877123544961436,305.11937612142594,249.92485921781633,79.57829359261318,86.56048900883525,306.2070884759221,416.0636418192648,0,0,31,26,8,9,1,1
866,8.66,7,0.0,1.1837641243368366,357.0068476558414,217.90449761759893,69.70931227041655,80.05212215628511,358.19061178017824,367.6659320443006,0,0,37,22,7,8,1,1
867,8.67,7,0.0,1.2798040155255037,396.59304655344664,207.58646956188832,65.46426989047629,72.60444920989286,397.8728505689721,345.6551886622575,0,0,41,21,7,7,1,1
868,8.68,7,0.0,1.3924715184849294,430.30987773369077,212.78489456268824,65.16535345977807,66.6143214553525,431.7023492521757,344.56456947781885,0,0,44,22,7,7,1,1
869,8.69,7,0.0,1.5379362202025415,466.20094860152926,196.54660710840028,63.21710352544168,54.19819596242667,467.7388848217318,313.96190659626865,0,0,48,20,6,6,1,1
870,8.700000000000001,4,0.0,1.7259333624308413,510.3175701888397,187.7689494161918,50.413992107668214,0.0,512.0435035512705,238.18294152386,0,0,52,19,5,0,1,1
871,8.71,4,0.0,1.9604915970181997,563.6042962373934,184.87009864914165,49.613314770251044,0.0,565.5647878344116,234.4834134193927,0,0,58,19,5,0,1,1
872,8.72,4,0.0,2.2316015080634406,622.1738906344042,197.09319423403886,52.87462923605536,0.0,624.4054921424677,249.96782347009423,0,0,64,20,5,0,1,1
873,8.73,4,0.0,2.5087489850350906,678.2673396677785,200.36703433170413,53.73933418826641,0.0,680.7760886528137,254.10636851997054,0,0,69,21,6,0,1,1
874,8.74,2,0.0,2.8324494349130913,677.3081758579787,164.6095152391335,44.13978263963754,0.0,680.1406252928917,208.74929787877102,0,0,69,17,5,0,1,1
875,8.75,1,0.0,3.0139877619218747,710.5242078268896,0.0,0.0,0.0,713.5381955888114,0.0,0,0,73,0,0,0,1,0
876,8.76,1,0.0,3.201993897974198,749.9642319628806,0.0,0.0,0.0,753.1662258608548,0.0,0,0,77,0,0,0,1,0
877,8.77,1,0.0,3.359437946430757,793.7320856550605,0.0,0.0,0.0,797.0915236014912,0.0,0,0,81,0,0,0,1,0
878,8.78,1,0.0,3.285681965070433,800.1676453029488,0.0,0.0,0.0,803.4533272680193,0.0,0,0,82,0,0,0,1,0
879,8.790000000000001,1,0.0,4.844041547773742,802.0024407126506,0.0,0.0,0.0,806.8464822604243,0.0,0,0,82,0,0,0,1,0
880,8.8,1,0.0,4.242560725171128,744.311191011484,0.0,0.0,0.0,748.553751736655,0.0,0,0,76,0,0,0,1,0
881,8.81,1,0.0,3.562221665259569,667.2904920919285,0.0,0.0,0.0,670.8527137571881,0.0,0,0,68,0,0,0,1,0
882,8.82,1,0.0,5.3890203903114795,562.0658794363045,0.0,0.0,0.0,567.4548998266159,0.0,0,1,58,0,0,0,1,0
883,8.83,0,0.0,0.0,0.0,0.0,0.0,0.0,0.0,0.0,0,0,0,0,0,0,0,0
884,8.84,0,0.0,0.0,0.0,0.0,0.0,0.0,0.0,0.0,0,0,0,0,0,0,0,0
885,8.85,0,0.0,0.0,0.0,0.0,0.0,0.0,0.0,0.0,0,0,0,0,0,0,0,0
886,8.86,0,0.0,0.0,0.0,0.0,0.0,0.0,0.0,0.0,0,0,0,0,0,0,0,0
887,8.870000000000001,0,0.0,0.0,0.0,0.0,0.0,0.0,0.0,0.0,0,0,0,0,0,0,0,0
888,8.88,2,0.0,0.0,0.0,217.98639968149243,59.704058997674515,126.98691158115338,0.0,404.67737026032034,0,0,0,22,6,13,0,1
889,8.89,2,0.0,0.0,0.0,194.12781442803862,53.121119612554125,107.29262334408892,0.0,354.5415573846817,0,0,0,20,5,11,0,1
890,8.9,2,0.0,0.0,0.0,124.32323099461792,34.14329676284894,81.01371499914285,0.0,239.4802427566097,0,0,0,13,3,8,0,1
891,8.91,2,0.0,0.0,0.0,81.04029507659826,22.3432748412598,61.42934438664891,0.0,164.81291430450696,0,0,0,8,2,6,0,1
892,8.92,2,0.0,0.0,0.0,78.82528356426849,21.71841378000239,57.97554226963929,0.0,158.51923961391017,0,0,0,8,2,6,0,1
893,8.93,1,0.0,0.0,0.0,0.0,0.5189612281495406,52.9301789434455,0.0,53.44914017159504,0,0,0,0,0,5,0,1
894,8.94,1,0.0,0.0,0.0,0.0,0.546767819349196,55.641095459134625,0.0,56.187863278483825,0,0,0,0,0,6,0,1
895,8.950000000000001,1,0.0,0.0,0.0,0.0,0.5784203775617169,58.688363058876085,0.0,59.266783436437805,0,0,0,0,0,6,0,1
896,8.96,2,0.0,0.0,0.0,0.0,2.4883064980958727,64.22308133750154,0.0,66.7113878355974,0,0,0,0,0,7,0,1
897,8.97,2,0.0,0.0,0.0,0.0,2.8687052061497944,67.44445648844774,0.0,70.31316169459754,0,0,0,0,0,7,0,1
898,8.98,2,0.0,0.0,0.0,0.0,1.9224627614048462,68.56143369983559,0.0,70.48389646124043,0,0,0,0,0,7,0,1
899,8.99,3,711.6996955643233,151.032436759761,0.0,0.0,0.7180994905606152,70.43994623673504,862.7321323240843,71.15804572729566,73,15,0,0,0,7,1,1
900,9.0,4,674.9263426587108,145.3284951860573,0.0,0.0,0.753471302411439,72.63933414134347,820.2548378447682,73.39280544375491,69,15,0,0,0,7,1,1
901,9.01,4,597.1144334506535,129.03052684238105,0.0,0.0,0.761997302343667,71.76230909471117,726.1449602930345,72.52430639705484,61,13,0,0,0,7,1,1
902,9.02,4,512.7614621160249,110.49996088095264,0.0,0.0,0.7874316232730582,71.97199316130967,623.2614229969774,72.75942478458273,53,11,0,0,0,7,1,1
903,9.03,4,550.4639534371709,145.95772136787883,0.0,0.0,0.8063823555000995,70.99851598342421,696.4216748050496,71.80489833892432,56,15,0,0,0,7,1,1
904,9.040000000000001,2,490.85056898021446,129.81096778554547,0.0,0.0,0.4856322953928536,77.20906739267119,620.6615367657599,77.69469968806403,50,13,0,0,0,8,1,1
905,9.05,2,439.4311488217209,115.99309392207721,0.0,0.0,0.6357601092366049,93.8510425816594,555.4242427437981,94.486802690896,45,12,0,0,0,10,1,1
906,9.06,3,559.6934031931206,206.74006513125306,144.37596679928558,0.0,0.8767241203789793,116.61529557965414,910.8094351236593,117.49201970003313,57,21,15,0,0,12,1,1
907,9.07,3,461.37597681013347,167.16037528898264,111.44692767820537,0.0,0.7908963494661189,140.63756265696352,739.9832797773215,141.42845900642965,47,17,11,0,0,14,1,1
908,9.08,3,386.61254015412226,136.78929483848248,85.75550138691338,0.0,1.1887659677973617,177.0131735299199,609.1573363795181,178.20193949771726,40,14,9,0,0,18,1,1
909,9.09,3,350.5660772559066,128.2616917511081,81.01342291800789,0.0,1.8304757823582327,221.86389553060363,559.8411919250226,223.69437131296186,36,13,8,0,0,23,1,1
910,9.1,6,338.5290625243226,118.82654433601158,93.98908571365953,0.0,2.7646099283158634,291.95790718432096,551.3446925739937,294.7225171126368,35,12,10,0,0,30,1,1
911,9.11,7,322.6345191170671,109.11997189699719,108.75847829062963,0.0,3.815680918722107,345.47857316394476,540.5129693046939,349.29425408266684,33,11,11,0,0,35,1,1
912,9.120000000000001,8,296.37895078610444,101.6619286691612,115.78167195056952,0.0,4.6150328202648225,382.0776464447979,513.8225514058352,386.69267926506274,30,10,12,0,0,39,1,1
913,9.13,8,268.1827233397643,92.88348113905421,113.82903772497096,0.0,4.703649643234211,382.8467333823205,474.8952422037895,387.5503830255547,27,10,12,0,0,39,1,1
914,9.14,8,247.08518552713994,84.74821839916362,104.10555064001306,0.0,3.658511065333553,333.36050782167393,435.9389545663166,337.01901888700746,25,9,11,0,0,34,1,1
915,9.15,8,219.14141565072626,74.25366776260148,88.66911119147912,0.0,3.0074871365331166,306.5624583759825,382.06419460480686,309.56994551251563,22,8,9,0,0,31,1,1
916,9.16,8,162.34650000257153,56.87142483168618,74.08697692317261,0.0,2.4838896426304418,300.2824673044205,293.30490175743034,302.76635694705095,17,6,8,0,0,31,1,1
917,9.17,7,126.7078472565611,45.207116098693035,72.04417210165568,0.0,2.2851305268754754,333.95062566971603,243.95913545690982,336.2357561965915,13,5,7,0,0,34,1,1
918,9.18,7,128.90901384508453,44.29534192264825,77.32849501328475,0.0,2.1412747514845942,376.12861357208124,250.53285078101754,378.26988832356585,13,5,8,0,0,39,1,1
919,9.19,7,125.4294992514142,42.092314900028995,78.56998041339281,0.0,1.9047120759800125,404.5693073347311,246.09179456483602,406.4740194107111,13,4,8,0,0,41,1,1
920,9.200000000000001,7,119.1851528982323,41.1654405098929,76.38301130295238,0.0,1.7093492066642568,428.28065071486736,236.7336047110776,429.98999992153165,12,4,8,0,0,44,1,1
921,9.21,6,113.9607597041343,44.32476554913245,70.51678587688693,0.0,1.6009333943549973,456.49310245798773,228.8023111301537,458.09403585234276,12,5,7,0,0,47,1,1
922,9.22,4,116.64720001881203,31.311516372621877,0.0,0.0,1.5865568676509196,493.78675860620564,147.9587163914339,495.37331547385656,12,3,0,0,0,51,1,1
923,9.23,2,124.94623529183455,33.52600974104375,0.0,0.0,1.5714321600879628,519.1672300300042,158.4722450328783,520.7386621900922,13,3,0,0,0,53,1,1
924,9.24,2,135.8705627757214,36.444259576353126,0.0,0.0,1.7177179420536397,572.2674983806743,172.31482235207451,573.985216322728,14,4,0,0,0,59,1,1
925,9.25,2,0.0,0.0,0.0,0.0,1.9812668295274498,642.7750631894523,0.0,644.7563300189798,0,0,0,0,0,66,0,1
926,9.26,3,0.0,0.0,0.0,0.0,2.2984531177905634,705.2468626733838,0.0,707.5453157911744,0,0,0,0,0,72,0,1
927,9.27,3,0.0,0.0,0.0,0.0,2.500395109921044,734.0731789345368,0.0,736.5735740444579,0,0,0,0,0,75,0,1
928,9.28,3,0.0,0.0,0.0,0.0,2.6768286547124287,751.1899185905095,0.0,753.8667472452219,0,0,0,0,0,77,0,1
929,9.290000000000001,3,0.0,0.0,0.0,0.0,2.833069663249073,760.3271906137187,0.0,763.1602602769677,0,0,0,0,0,78,0,1
930,9.3,3,0.0,0.0,0.0,0.0,2.9288014751880294,761.0160820402009,0.0,763.9448835153889,0,0,0,0,0,78,0,1
931,9.31,1,0.0,0.0,0.0,0.0,2.9890606460878284,701.4558873640633,0.0,704.4449480101512,0,0,0,0,0,72,0,1
932,9.32,1,0.0,0.0,0.0,0.0,3.034158844583849,719.7591296903905,0.0,722.7932885349744,0,0,0,0,0,74,0,1
933,9.33,1,0.0,0.0,0.0,0.0,2.91026888073533,710.7521978337586,0.0,713.6624667144939,0,0,0,0,0,73,0,1
934,9.34,1,0.0,0.0,0.0,0.0,2.645420264558664,671.534093115301,0.0,674.1795133798596,0,0,0,0,0,69,0,1
935,9.35,1,0.0,0.0,0.0,0.0,2.2897079715978768,610.3950368880681,0.0,612.684744859666,0,0,0,0,0,63,0,1
936,9.36,1,0.0,0.0,0.0,0.0,3.160757367569682,574.6116324665503,0.0,577.77238983412,0,0,0,0,0,59,0,1
937,9.370000000000001,1,0.0,0.0,0.0,0.0,2.66160425819909,506.86530836273323,0.0,509.5269126209323,0,0,0,0,0,52,0,1
938,9.38,1,0.0,0.0,0.0,0.0,1.8517382810194443,370.7271631663353,0.0,372.5789014473547,0,0,0,0,0,38,0,1
939,9.39,0,0.0,0.0,0.0,0.0,0.0,0.0,0.0,0.0,0,0,0,0,0,0,0,0
940,9.4,0,0.0,0.0,0.0,0.0,0.0,0.0,0.0,0.0,0,0,0,0,0,0,0,0
941,9.41,0,0.0,0.0,0.0,0.0,0.0,0.0,0.0,0.0,0,0,0,0,0,0,0,0
942,9.42,0,0.0,0.0,0.0,0.0,0.0,0.0,0.0,0.0,0,0,0,0,0,0,0,0
943,9.43,0,0.0,0.0,0.0,0.0,0.0,0.0,0.0,0.0,0,0,0,0,0,0,0,0
944,9.44,0,0.0,0.0,0.0,0.0,0.0,0.0,0.0,0.0,0,0,0,0,0,0,0,0
945,9.450000000000001,0,0.0,0.0,0.0,0.0,0.0,0.0,0.0,0.0,0,0,0,0,0,0,0,0
946,9.46,0,0.0,0.0,0.0,0.0,0.0,0.0,0.0,0.0,0,0,0,0,0,0,0,0
947,9.47,1,0.0,0.45582034889606626,47.30048889572567,0.0,0.0,0.0,47.75630924462174,0.0,0,0,5,0,0,0,1,0
948,9.48,1,0.0,0.6633219251491602,68.56805113242636,0.0,0.0,0.0,69.23137305757552,0.0,0,0,7,0,0,0,1,0
949,9.49,1,0.0,0.739741040287999,76.07021594680688,0.0,0.0,0.0,76.80995698709488,0.0,0,0,8,0,0,0,1,0
950,9.5,1,0.0,0.7636227471950356,78.01091614818414,0.0,0.0,0.0,78.77453889537917,0.0,0,0,8,0,0,0,1,0
951,9.51,1,0.0,0.7882060486181269,79.85040313743391,0.0,0.0,0.0,80.63860918605204,0.0,0,0,8,0,0,0,1,0
952,9.52,1,0.0,0.8484222978502329,85.112639405508,0.0,0.0,0.0,85.96106170335824,0.0,0,0,9,0,0,0,1,0
953,9.53,1,0.0,0.9147667120760016,90.79430508288209,0.0,0.0,0.0,91.70907179495809,0.0,0,0,9,0,0,0,1,0
954,9.540000000000001,2,0.0,0.9894434682877581,96.99020386120522,0.0,0.0,0.0,97.97964732949298,0.0,0,0,10,0,0,0,1,0
955,9.55,2,0.0,1.0934480813811287,105.67893030681861,0.0,0.0,0.0,106.77237838819974,0.0,0,0,11,0,0,0,1,0
956,9.56,2,0.0,1.2672164528522345,120.22030368670421,0.0,0.0,0.0,121.48752013955645,0.0,0,0,12,0,0,0,1,0
957,9.57,2,0.0,1.5051158784944487,139.3677388137303,0.0,0.0,0.0,140.87285469222476,0.0,0,0,14,0,0,0,1,0
958,9.58,2,0.0,0.87989023674132,150.8497153237112,399.5612978357731,84.30683864796742,0.0,151.7296055604525,483.8681364837405,0,0,15,41,9,0,1,1
959,9.59,2,0.0,1.0183315520536134,167.35164198168385,359.27949106565524,76.43293398048523,0.0,168.36997353373746,435.7124250461405,0,0,17,37,8,0,1,1
960,9.6,2,0.0,1.175849463676011,182.99137797220197,320.22950646792924,68.30241563743162,0.0,184.16722743587798,388.5319221053609,0,0,19,33,7,0,1,1
961,9.61,2,0.0,1.3841335598228295,200.45836079772855,298.34459160152966,63.64708245534947,0.0,201.84249435755137,361.9916740568791,0,0,21,31,7,0,1,1
962,9.620000000000001,2,0.0,1.650519249355219,217.99741829909397,379.7762003515567,100.01687790264945,0.0,219.6479375484492,479.7930782542062,0,0,22,39,10,0,1,1
963,9.63,2,0.0,1.2442717347279395,225.34525790201752,378.2810985623302,99.5375741095269,0.0,226.58952963674545,477.81867267185714,0,0,23,39,10,0,1,1
964,9.64,3,0.0,1.4981416390944386,233.9141300040981,380.2832299454239,99.93196257922565,0.0,235.41227164319253,480.2151925246495,0,0,24,39,10,0,1,1
965,9.65,3,0.0,1.8073229427575719,238.53849977909317,391.962793411849,102.90114065082072,0.0,240.34582272185074,494.8639340626697,0,0,24,40,11,0,1,1
966,9.66,5,0.0,2.1653926006891115,253.80289871133812,629.4787999332343,226.85099252083512,150.3640736502288,255.96829131202722,1006.6938661042982,0,0,26,64,23,15,1,1
967,9.67,5,0.0,2.6551956314492653,254.01301502734813,623.6808901544813,217.34718593452556,131.07310354873363,256.6682106587974,972.1011796377404,0,0,26,64,22,13,1,1
968,9.68,5,0.0,2.662031490956921,222.06724578232206,632.0546619316773,219.22257789268193,117.30493734033838,224.729277273279,968.5821771646976,0,0,23,65,22,12,1,1
969,9.69,5,0.0,1.9837355259172877,156.95897150784117,640.8074364718216,217.8561577060088,108.42028482956049,158.94270703375847,967.0838790073909,0,0,16,66,22,11,1,1
970,9.700000000000001,5,0.0,0.9516138401405125,78.28992118121917,640.6516398193558,214.69258429315607,101.05561064667113,79.24153502135968,956.3998347591829,0,0,8,66,22,10,1,1
971,9.71,6,0.0,0.18305678760670285,17.02166738938796,644.4201707578774,197.3930697386601,110.25945416721919,17.204724176994663,952.0726946637567,0,0,2,66,20,11,0,1
972,9.72,7,0.0,0.11441231481680035,12.505022003534172,610.2729094635565,186.48953446707688,108.38712459643232,12.619434318350972,905.1495685270656,0,0,1,62,19,11,0,1
973,9.73,7,0.0,0.3596038373170735,47.584863170481015,551.4849866222103,172.16730119455625,108.1425695770026,47.94446700779809,831.7948573937691,0,0,5,56,18,11,1,1
974,9.74,8,0.0,0.5370303734331502,88.41383263393331,471.94763377385885,151.42861662310963,105.58447876697468,88.95086300736646,728.9607291639433,0,0,9,48,16,11,1,1
975,9.75,8,0.0,0.6880183396891049,139.41930407088827,391.5549900334598,125.51671285312281,100.92073618775413,140.10732241057738,617.9924390743367,0,0,14,40,13,10,1,1
976,9.76,8,0.0,0.786566961741667,193.339320978598,321.15168102288123,101.17505914155122,93.05774415306534,194.12588794033968,515.3844843174978,0,0,20,33,10,10,1,1
977,9.77,7,0.0,0.8513632176976635,244.32949253240588,266.52164314633154,84.20703833364507,84.37744288083339,245.18085575010355,435.10612436081,0,0,25,27,9,9,1,1
978,9.78,7,0.0,0.9184862333929693,292.2860643349059,218.1445977366564,69.01927472566459,73.34171953524182,293.2045505682989,360.5055919975629,0,0,30,22,7,8,1,1
979,9.790000000000001,5,0.0,0.9506203124150127,324.3290468465666,186.98923567113917,58.669024465095326,63.85831097983592,325.2796671589816,309.5165711160704,0,0,33,19,6,7,1,1
980,9.8,5,0.0,1.0546984242806168,363.1139561055731,168.88857104142434,51.918563478110386,55.38581064905463,364.1686545298537,276.19294516858935,0,0,37,17,5,6,1,1
981,9.81,5,0.0,1.1842663375628302,400.2032122512401,149.94350284188468,44.72491827809671,43.43647183399163,401.3874785888029,238.10489295397304,0,0,41,15,5,4,1,1
982,9.82,4,0.0,1.4695571608253437,464.4265302514334,138.17208032873958,37.082749027207505,0.0,465.89608741225874,175.2548293559471,0,0,48,14,4,0,1,1
983,9.83,4,0.0,1.7267270768023226,520.6944614281499,131.8338564106983,35.3670246370207,0.0,522.4211885049523,167.200881047719,0,0,53,13,4,0,1,1
984,9.84,4,0.0,2.0357585752349783,587.7718007913721,127.93907866691411,34.31037496656885,0.0,589.807559366607,162.24945363348297,0,0,60,13,4,0,1,1
985,9.85,3,0.0,2.389796082264245,660.1546903599587,0.0,0.0,0.0,662.544486442223,0.0,0,0,68,0,0,0,1,0
986,9.86,3,0.0,2.7141968040614843,724.1478998514253,0.0,0.0,0.0,726.8620966554868,0.0,0,0,74,0,0,0,1,0
987,9.870000000000001,1,0.0,3.0429424655679003,719.7426054354232,0.0,0.0,0.0,722.7855479009911,0.0,0,0,74,0,0,0,1,0
988,9.88,1,0.0,3.192757637728994,748.1608679938914,0.0,0.0,0.0,751.3536256316204,0.0,0,0,77,0,0,0,1,0
989,9.89,1,0.0,3.389810723517148,793.4573943541474,0.0,0.0,0.0,796.8472050776645,0.0,0,0,81,0,0,0,1,0
990,9.9,1,0.0,3.4155693180034086,814.3820746582462,0.0,0.0,0.0,817.7976439762497,0.0,0,0,83,0,0,0,1,0
991,9.91,1,0.0,3.226100257125074,796.5872958614276,0.0,0.0,0.0,799.8133961185526,0.0,0,0,82,0,0,0,1,0
992,9.92,1,0.0,4.660357081707227,785.3801798396471,0.0,0.0,0.0,790.0405369213544,0.0,0,0,80,0,0,0,1,0
993,9.93,1,0.0,4.049161274006643,723.7543686242885,0.0,0.0,0.0,727.8035298982952,0.0,0,0,74,0,0,0,1,0
994,9.94,1,0.0,3.424587502047111,651.70572992721,0.0,0.0,0.0,655.130317429257,0.0,0,0,67,0,0,0,1,0
995,9.950000000000001,0,0.0,0.0,0.0,0.0,0.0,0.0,0.0,0.0,0,0,0,0,0,0,0,0
996,9.96,0,0.0,0.0,0.0,0.0,0.0,0.0,0.0,0.0,0,0,0,0,0,0,0,0
997,9.97,0,0.0,0.0,0.0,0.0,0.0,0.0,0.0,0.0,0,0,0,0,0,0,0,0
998,9.98,0,0.0,0.0,0.0,0.0,0.0,0.0,0.0,0.0,0,0,0,0,0,0,0,0
999,9.99,0,0.0,0.0,0.0,0.0,0.0,0.0,0.0,0.0,0,0,0,0,0,0,0,0
